INSERT INTO CUSTOMER (CUSTOMER_ID, NAME, AGE, ENTER_DATE) VALUES (1, 'Liam' ,63 , '2016-11-05');
INSERT INTO CUSTOMER (CUSTOMER_ID, NAME, AGE, ENTER_DATE) VALUES (2, 'Noah' ,38 , '2017-10-12');
INSERT INTO CUSTOMER (CUSTOMER_ID, NAME, AGE, ENTER_DATE) VALUES (3, 'Oliver' ,19 , '2016-04-01');
INSERT INTO CUSTOMER (CUSTOMER_ID, NAME, AGE, ENTER_DATE) VALUES (4, 'Elijah' ,30 , '2017-04-26');
INSERT INTO CUSTOMER (CUSTOMER_ID, NAME, AGE, ENTER_DATE) VALUES (5, 'William' ,12 , '2016-03-01');
INSERT INTO CUSTOMER (CUSTOMER_ID, NAME, AGE, ENTER_DATE) VALUES (6, 'James' ,49 , '2018-05-17');
INSERT INTO CUSTOMER (CUSTOMER_ID, NAME, AGE, ENTER_DATE) VALUES (7, 'Benjamin' ,31 , '2017-12-29');
INSERT INTO CUSTOMER (CUSTOMER_ID, NAME, AGE, ENTER_DATE) VALUES (8, 'Lucas' ,15 , '2016-06-13');
INSERT INTO CUSTOMER (CUSTOMER_ID, NAME, AGE, ENTER_DATE) VALUES (9, 'Henry' ,18 , '2016-05-28');
INSERT INTO CUSTOMER (CUSTOMER_ID, NAME, AGE, ENTER_DATE) VALUES (10, 'Alexander' ,11 , '2017-02-24');
INSERT INTO CUSTOMER (CUSTOMER_ID, NAME, AGE, ENTER_DATE) VALUES (11, 'Olivia' ,25 , '2016-01-30');
INSERT INTO CUSTOMER (CUSTOMER_ID, NAME, AGE, ENTER_DATE) VALUES (12, 'Emma' ,52 , '2016-11-18');
INSERT INTO CUSTOMER (CUSTOMER_ID, NAME, AGE, ENTER_DATE) VALUES (13, 'Ava' ,77 , '2016-04-12');
INSERT INTO CUSTOMER (CUSTOMER_ID, NAME, AGE, ENTER_DATE) VALUES (14, 'Charlotte' ,33 , '2016-12-30');
INSERT INTO CUSTOMER (CUSTOMER_ID, NAME, AGE, ENTER_DATE) VALUES (15, 'Sophia' ,63 , '2017-05-20');
INSERT INTO CUSTOMER (CUSTOMER_ID, NAME, AGE, ENTER_DATE) VALUES (16, 'Amelia' ,68 , '2018-03-06');
INSERT INTO CUSTOMER (CUSTOMER_ID, NAME, AGE, ENTER_DATE) VALUES (17, 'Isabella' ,37 , '2016-03-25');
INSERT INTO CUSTOMER (CUSTOMER_ID, NAME, AGE, ENTER_DATE) VALUES (18, 'Mia' ,67 , '2016-10-30');
INSERT INTO CUSTOMER (CUSTOMER_ID, NAME, AGE, ENTER_DATE) VALUES (20, 'Harper' ,15 , '2018-03-15');

INSERT INTO ACCOUNT (ACCOUNT_NO, CUSTOMER_ID) VALUES('1000-01', 11);
INSERT INTO ACCOUNT (ACCOUNT_NO, CUSTOMER_ID) VALUES('1000-02', 6 );
INSERT INTO ACCOUNT (ACCOUNT_NO, CUSTOMER_ID) VALUES('1000-03', 19);
INSERT INTO ACCOUNT (ACCOUNT_NO, CUSTOMER_ID) VALUES('1000-04', 20);
INSERT INTO ACCOUNT (ACCOUNT_NO, CUSTOMER_ID) VALUES('1000-05', 11);
INSERT INTO ACCOUNT (ACCOUNT_NO, CUSTOMER_ID) VALUES('1000-06', 7 );
INSERT INTO ACCOUNT (ACCOUNT_NO, CUSTOMER_ID) VALUES('1000-07', 18);
INSERT INTO ACCOUNT (ACCOUNT_NO, CUSTOMER_ID) VALUES('1000-08', 13);
INSERT INTO ACCOUNT (ACCOUNT_NO, CUSTOMER_ID) VALUES('1000-09', 7 );
INSERT INTO ACCOUNT (ACCOUNT_NO, CUSTOMER_ID) VALUES('1000-10', 18);
INSERT INTO ACCOUNT (ACCOUNT_NO, CUSTOMER_ID) VALUES('1000-11', 15);
INSERT INTO ACCOUNT (ACCOUNT_NO, CUSTOMER_ID) VALUES('1000-12', 14);
INSERT INTO ACCOUNT (ACCOUNT_NO, CUSTOMER_ID) VALUES('1000-13', 19);
INSERT INTO ACCOUNT (ACCOUNT_NO, CUSTOMER_ID) VALUES('1000-14', 7 );
INSERT INTO ACCOUNT (ACCOUNT_NO, CUSTOMER_ID) VALUES('1000-15', 17);
INSERT INTO ACCOUNT (ACCOUNT_NO, CUSTOMER_ID) VALUES('1000-16', 20);
INSERT INTO ACCOUNT (ACCOUNT_NO, CUSTOMER_ID) VALUES('1000-17', 9 );
INSERT INTO ACCOUNT (ACCOUNT_NO, CUSTOMER_ID) VALUES('1000-18', 7 );
INSERT INTO ACCOUNT (ACCOUNT_NO, CUSTOMER_ID) VALUES('1000-19', 7 );
INSERT INTO ACCOUNT (ACCOUNT_NO, CUSTOMER_ID) VALUES('1000-20', 6 );
INSERT INTO ACCOUNT (ACCOUNT_NO, CUSTOMER_ID) VALUES('1000-21', 9 );
INSERT INTO ACCOUNT (ACCOUNT_NO, CUSTOMER_ID) VALUES('1000-22', 1 );
INSERT INTO ACCOUNT (ACCOUNT_NO, CUSTOMER_ID) VALUES('1000-23', 2 );
INSERT INTO ACCOUNT (ACCOUNT_NO, CUSTOMER_ID) VALUES('1000-24', 4 );
INSERT INTO ACCOUNT (ACCOUNT_NO, CUSTOMER_ID) VALUES('1000-25', 10);
INSERT INTO ACCOUNT (ACCOUNT_NO, CUSTOMER_ID) VALUES('1000-26', 15);
INSERT INTO ACCOUNT (ACCOUNT_NO, CUSTOMER_ID) VALUES('1000-27', 14);
INSERT INTO ACCOUNT (ACCOUNT_NO, CUSTOMER_ID) VALUES('1000-28', 5 );
INSERT INTO ACCOUNT (ACCOUNT_NO, CUSTOMER_ID) VALUES('1000-29', 2 );
INSERT INTO ACCOUNT (ACCOUNT_NO, CUSTOMER_ID) VALUES('1000-30', 19);
INSERT INTO ACCOUNT (ACCOUNT_NO, CUSTOMER_ID) VALUES('1000-31', 20);
INSERT INTO ACCOUNT (ACCOUNT_NO, CUSTOMER_ID) VALUES('1000-32', 12);
INSERT INTO ACCOUNT (ACCOUNT_NO, CUSTOMER_ID) VALUES('1000-33', 20);                                                      
INSERT INTO ACCOUNT (ACCOUNT_NO, CUSTOMER_ID) VALUES('1000-34', 3 );                                                      
INSERT INTO ACCOUNT (ACCOUNT_NO, CUSTOMER_ID) VALUES('1000-35', 10);                                                      
INSERT INTO ACCOUNT (ACCOUNT_NO, CUSTOMER_ID) VALUES('1000-36', 16);                                                      
INSERT INTO ACCOUNT (ACCOUNT_NO, CUSTOMER_ID) VALUES('1000-37', 6 );                                                      
INSERT INTO ACCOUNT (ACCOUNT_NO, CUSTOMER_ID) VALUES('1000-38', 2 );                                                      
INSERT INTO ACCOUNT (ACCOUNT_NO, CUSTOMER_ID) VALUES('1000-39', 18);                                                      
INSERT INTO ACCOUNT (ACCOUNT_NO, CUSTOMER_ID) VALUES('1000-40', 18);                                                      
INSERT INTO ACCOUNT (ACCOUNT_NO, CUSTOMER_ID) VALUES('1000-41', 13);                                                      
INSERT INTO ACCOUNT (ACCOUNT_NO, CUSTOMER_ID) VALUES('1000-42', 11);                                                      
INSERT INTO ACCOUNT (ACCOUNT_NO, CUSTOMER_ID) VALUES('1000-43', 5 );                                                      
INSERT INTO ACCOUNT (ACCOUNT_NO, CUSTOMER_ID) VALUES('1000-44', 19);                                                      
INSERT INTO ACCOUNT (ACCOUNT_NO, CUSTOMER_ID) VALUES('1000-45', 8 );                                                      
INSERT INTO ACCOUNT (ACCOUNT_NO, CUSTOMER_ID) VALUES('1000-46', 1 );                                                      
INSERT INTO ACCOUNT (ACCOUNT_NO, CUSTOMER_ID) VALUES('1000-47', 10);                                                      
INSERT INTO ACCOUNT (ACCOUNT_NO, CUSTOMER_ID) VALUES('1000-48', 14);                                                      
INSERT INTO ACCOUNT (ACCOUNT_NO, CUSTOMER_ID) VALUES('1000-49', 17);                                                      
INSERT INTO ACCOUNT (ACCOUNT_NO, CUSTOMER_ID) VALUES('1000-50', 8 );                                                      



INSERT INTO TRANSACTION (ACCOUNT_NO, TRANS_DATE, TRANSFER_YN, AMMOUNT) VALUES('1000-01',  '2019-08-26', 'Y', 336700  );
INSERT INTO TRANSACTION (ACCOUNT_NO, TRANS_DATE, TRANSFER_YN, AMMOUNT) VALUES('1000-02',  '2019-06-05', 'Y', 911600  );
INSERT INTO TRANSACTION (ACCOUNT_NO, TRANS_DATE, TRANSFER_YN, AMMOUNT) VALUES('1000-03',  '2020-09-09', 'Y', 997700  );
INSERT INTO TRANSACTION (ACCOUNT_NO, TRANS_DATE, TRANSFER_YN, AMMOUNT) VALUES('1000-04',  '2019-05-06', 'Y', 709500  );
INSERT INTO TRANSACTION (ACCOUNT_NO, TRANS_DATE, TRANSFER_YN, AMMOUNT) VALUES('1000-05',  '2021-08-11', 'N', 48400   );
INSERT INTO TRANSACTION (ACCOUNT_NO, TRANS_DATE, TRANSFER_YN, AMMOUNT) VALUES('1000-06',  '2020-06-28', 'N', 33600   );
INSERT INTO TRANSACTION (ACCOUNT_NO, TRANS_DATE, TRANSFER_YN, AMMOUNT) VALUES('1000-07',  '2020-04-25', 'N', 62500   );
INSERT INTO TRANSACTION (ACCOUNT_NO, TRANS_DATE, TRANSFER_YN, AMMOUNT) VALUES('1000-08',  '2021-04-23', 'Y', 44900   );
INSERT INTO TRANSACTION (ACCOUNT_NO, TRANS_DATE, TRANSFER_YN, AMMOUNT) VALUES('1000-09',  '2021-05-01', 'Y', 65900   );
INSERT INTO TRANSACTION (ACCOUNT_NO, TRANS_DATE, TRANSFER_YN, AMMOUNT) VALUES('1000-10',  '2021-06-04', 'N', 65300   );
INSERT INTO TRANSACTION (ACCOUNT_NO, TRANS_DATE, TRANSFER_YN, AMMOUNT) VALUES('1000-11',  '2020-07-18', 'N', 77200   );
INSERT INTO TRANSACTION (ACCOUNT_NO, TRANS_DATE, TRANSFER_YN, AMMOUNT) VALUES('1000-12',  '2019-07-17', 'Y', 31800   );
INSERT INTO TRANSACTION (ACCOUNT_NO, TRANS_DATE, TRANSFER_YN, AMMOUNT) VALUES('1000-13',  '2019-12-20', 'Y', 82600   );
INSERT INTO TRANSACTION (ACCOUNT_NO, TRANS_DATE, TRANSFER_YN, AMMOUNT) VALUES('1000-14',  '2020-04-26', 'Y', 40900   );
INSERT INTO TRANSACTION (ACCOUNT_NO, TRANS_DATE, TRANSFER_YN, AMMOUNT) VALUES('1000-15',  '2019-10-17', 'Y', 54600   );
INSERT INTO TRANSACTION (ACCOUNT_NO, TRANS_DATE, TRANSFER_YN, AMMOUNT) VALUES('1000-16',  '2019-09-03', 'Y', 37700   );
INSERT INTO TRANSACTION (ACCOUNT_NO, TRANS_DATE, TRANSFER_YN, AMMOUNT) VALUES('1000-17',  '2019-08-29', 'Y', 81400   );
INSERT INTO TRANSACTION (ACCOUNT_NO, TRANS_DATE, TRANSFER_YN, AMMOUNT) VALUES('1000-18',  '2020-01-19', 'Y', 81300   );
INSERT INTO TRANSACTION (ACCOUNT_NO, TRANS_DATE, TRANSFER_YN, AMMOUNT) VALUES('1000-19',  '2021-07-26', 'Y', 48600   );
INSERT INTO TRANSACTION (ACCOUNT_NO, TRANS_DATE, TRANSFER_YN, AMMOUNT) VALUES('1000-20',  '2019-07-25', 'Y', 23900   );
INSERT INTO TRANSACTION (ACCOUNT_NO, TRANS_DATE, TRANSFER_YN, AMMOUNT) VALUES('1000-21',  '2021-03-10', 'N', 85700   );
INSERT INTO TRANSACTION (ACCOUNT_NO, TRANS_DATE, TRANSFER_YN, AMMOUNT) VALUES('1000-22',  '2021-03-11', 'Y', 99500   );
INSERT INTO TRANSACTION (ACCOUNT_NO, TRANS_DATE, TRANSFER_YN, AMMOUNT) VALUES('1000-23',  '2019-08-01', 'Y', 98000   );
INSERT INTO TRANSACTION (ACCOUNT_NO, TRANS_DATE, TRANSFER_YN, AMMOUNT) VALUES('1000-24',  '2020-04-08', 'N', 37000   );
INSERT INTO TRANSACTION (ACCOUNT_NO, TRANS_DATE, TRANSFER_YN, AMMOUNT) VALUES('1000-25',  '2020-06-14', 'Y', 58900   );
INSERT INTO TRANSACTION (ACCOUNT_NO, TRANS_DATE, TRANSFER_YN, AMMOUNT) VALUES('1000-26',  '2021-01-03', 'N', 38400   );
INSERT INTO TRANSACTION (ACCOUNT_NO, TRANS_DATE, TRANSFER_YN, AMMOUNT) VALUES('1000-27',  '2020-07-11', 'Y', 46600   );
INSERT INTO TRANSACTION (ACCOUNT_NO, TRANS_DATE, TRANSFER_YN, AMMOUNT) VALUES('1000-28',  '2021-02-23', 'N', 76300   );
INSERT INTO TRANSACTION (ACCOUNT_NO, TRANS_DATE, TRANSFER_YN, AMMOUNT) VALUES('1000-29',  '2019-08-30', 'Y', 42000   );
INSERT INTO TRANSACTION (ACCOUNT_NO, TRANS_DATE, TRANSFER_YN, AMMOUNT) VALUES('1000-30',  '2021-01-08', 'Y', 41800   );
INSERT INTO TRANSACTION (ACCOUNT_NO, TRANS_DATE, TRANSFER_YN, AMMOUNT) VALUES('1000-31',  '2020-12-05', 'Y', 39500   );
INSERT INTO TRANSACTION (ACCOUNT_NO, TRANS_DATE, TRANSFER_YN, AMMOUNT) VALUES('1000-32',  '2020-12-11', 'Y', 98900   );
INSERT INTO TRANSACTION (ACCOUNT_NO, TRANS_DATE, TRANSFER_YN, AMMOUNT) VALUES('1000-33',  '2021-05-25', 'Y', 34600   );
INSERT INTO TRANSACTION (ACCOUNT_NO, TRANS_DATE, TRANSFER_YN, AMMOUNT) VALUES('1000-34',  '2021-05-06', 'Y', 94500   );
INSERT INTO TRANSACTION (ACCOUNT_NO, TRANS_DATE, TRANSFER_YN, AMMOUNT) VALUES('1000-35',  '2020-03-11', 'N', 21800   );
INSERT INTO TRANSACTION (ACCOUNT_NO, TRANS_DATE, TRANSFER_YN, AMMOUNT) VALUES('1000-36',  '2020-05-20', 'Y', 72100   );
INSERT INTO TRANSACTION (ACCOUNT_NO, TRANS_DATE, TRANSFER_YN, AMMOUNT) VALUES('1000-37',  '2019-12-29', 'Y', 53500   );
INSERT INTO TRANSACTION (ACCOUNT_NO, TRANS_DATE, TRANSFER_YN, AMMOUNT) VALUES('1000-38',  '2019-07-03', 'N', 26400   );
INSERT INTO TRANSACTION (ACCOUNT_NO, TRANS_DATE, TRANSFER_YN, AMMOUNT) VALUES('1000-39',  '2019-08-14', 'Y', 63900   );
INSERT INTO TRANSACTION (ACCOUNT_NO, TRANS_DATE, TRANSFER_YN, AMMOUNT) VALUES('1000-40',  '2019-10-19', 'Y', 98000   );
INSERT INTO TRANSACTION (ACCOUNT_NO, TRANS_DATE, TRANSFER_YN, AMMOUNT) VALUES('1000-41',  '2020-01-05', 'Y', 82500   );
INSERT INTO TRANSACTION (ACCOUNT_NO, TRANS_DATE, TRANSFER_YN, AMMOUNT) VALUES('1000-42',  '2019-08-02', 'Y', 65700   );
INSERT INTO TRANSACTION (ACCOUNT_NO, TRANS_DATE, TRANSFER_YN, AMMOUNT) VALUES('1000-43',  '2019-09-21', 'Y', 82200   );
INSERT INTO TRANSACTION (ACCOUNT_NO, TRANS_DATE, TRANSFER_YN, AMMOUNT) VALUES('1000-44',  '2020-06-17', 'Y', 44700   );
INSERT INTO TRANSACTION (ACCOUNT_NO, TRANS_DATE, TRANSFER_YN, AMMOUNT) VALUES('1000-45',  '2019-10-14', 'N', 25300   );
INSERT INTO TRANSACTION (ACCOUNT_NO, TRANS_DATE, TRANSFER_YN, AMMOUNT) VALUES('1000-46',  '2019-11-07', 'N', 77500   );
INSERT INTO TRANSACTION (ACCOUNT_NO, TRANS_DATE, TRANSFER_YN, AMMOUNT) VALUES('1000-47',  '2019-08-18', 'Y', 41100   );
INSERT INTO TRANSACTION (ACCOUNT_NO, TRANS_DATE, TRANSFER_YN, AMMOUNT) VALUES('1000-48',  '2020-11-03', 'N', 86700   );
INSERT INTO TRANSACTION (ACCOUNT_NO, TRANS_DATE, TRANSFER_YN, AMMOUNT) VALUES('1000-49',  '2019-04-16', 'Y', 77000   );
INSERT INTO TRANSACTION (ACCOUNT_NO, TRANS_DATE, TRANSFER_YN, AMMOUNT) VALUES('1000-50',  '2021-05-15', 'Y', 52600   );
INSERT INTO TRANSACTION (ACCOUNT_NO, TRANS_DATE, TRANSFER_YN, AMMOUNT) VALUES('1000-01',  '2019-04-11', 'N', 85900   );
INSERT INTO TRANSACTION (ACCOUNT_NO, TRANS_DATE, TRANSFER_YN, AMMOUNT) VALUES('1000-02',  '2021-09-12', 'Y', 92400   );
INSERT INTO TRANSACTION (ACCOUNT_NO, TRANS_DATE, TRANSFER_YN, AMMOUNT) VALUES('1000-03',  '2020-02-17', 'Y', 21000   );
INSERT INTO TRANSACTION (ACCOUNT_NO, TRANS_DATE, TRANSFER_YN, AMMOUNT) VALUES('1000-04',  '2021-08-15', 'Y', 91500   );
INSERT INTO TRANSACTION (ACCOUNT_NO, TRANS_DATE, TRANSFER_YN, AMMOUNT) VALUES('1000-05',  '2020-11-14', 'Y', 61600   );
INSERT INTO TRANSACTION (ACCOUNT_NO, TRANS_DATE, TRANSFER_YN, AMMOUNT) VALUES('1000-06',  '2021-09-01', 'Y', 38700   );
INSERT INTO TRANSACTION (ACCOUNT_NO, TRANS_DATE, TRANSFER_YN, AMMOUNT) VALUES('1000-07',  '2021-07-29', 'Y', 93900   );
INSERT INTO TRANSACTION (ACCOUNT_NO, TRANS_DATE, TRANSFER_YN, AMMOUNT) VALUES('1000-08',  '2020-09-12', 'Y', 77500   );
INSERT INTO TRANSACTION (ACCOUNT_NO, TRANS_DATE, TRANSFER_YN, AMMOUNT) VALUES('1000-09',  '2021-09-19', 'N', 61800   );
INSERT INTO TRANSACTION (ACCOUNT_NO, TRANS_DATE, TRANSFER_YN, AMMOUNT) VALUES('1000-10',  '2020-04-02', 'Y', 81600   );
INSERT INTO TRANSACTION (ACCOUNT_NO, TRANS_DATE, TRANSFER_YN, AMMOUNT) VALUES('1000-11',  '2019-02-26', 'N', 20800   );
INSERT INTO TRANSACTION (ACCOUNT_NO, TRANS_DATE, TRANSFER_YN, AMMOUNT) VALUES('1000-12',  '2020-09-14', 'N', 80800   );
INSERT INTO TRANSACTION (ACCOUNT_NO, TRANS_DATE, TRANSFER_YN, AMMOUNT) VALUES('1000-13',  '2020-09-20', 'Y', 49300   );
INSERT INTO TRANSACTION (ACCOUNT_NO, TRANS_DATE, TRANSFER_YN, AMMOUNT) VALUES('1000-14',  '2019-12-27', 'N', 25200   );
INSERT INTO TRANSACTION (ACCOUNT_NO, TRANS_DATE, TRANSFER_YN, AMMOUNT) VALUES('1000-15',  '2020-01-17', 'Y', 56600   );
INSERT INTO TRANSACTION (ACCOUNT_NO, TRANS_DATE, TRANSFER_YN, AMMOUNT) VALUES('1000-16',  '2020-11-10', 'Y', 21400   );
INSERT INTO TRANSACTION (ACCOUNT_NO, TRANS_DATE, TRANSFER_YN, AMMOUNT) VALUES('1000-17',  '2021-08-13', 'N', 44900   );
INSERT INTO TRANSACTION (ACCOUNT_NO, TRANS_DATE, TRANSFER_YN, AMMOUNT) VALUES('1000-18',  '2021-01-14', 'N', 87100   );
INSERT INTO TRANSACTION (ACCOUNT_NO, TRANS_DATE, TRANSFER_YN, AMMOUNT) VALUES('1000-19',  '2021-04-27', 'N', 45400   );
INSERT INTO TRANSACTION (ACCOUNT_NO, TRANS_DATE, TRANSFER_YN, AMMOUNT) VALUES('1000-20',  '2019-08-11', 'Y', 31300   );
INSERT INTO TRANSACTION (ACCOUNT_NO, TRANS_DATE, TRANSFER_YN, AMMOUNT) VALUES('1000-21',  '2020-10-09', 'N', 79500   );
INSERT INTO TRANSACTION (ACCOUNT_NO, TRANS_DATE, TRANSFER_YN, AMMOUNT) VALUES('1000-22',  '2020-06-22', 'Y', 61400   );
INSERT INTO TRANSACTION (ACCOUNT_NO, TRANS_DATE, TRANSFER_YN, AMMOUNT) VALUES('1000-23',  '2021-02-19', 'N', 59500   );
INSERT INTO TRANSACTION (ACCOUNT_NO, TRANS_DATE, TRANSFER_YN, AMMOUNT) VALUES('1000-24',  '2020-06-12', 'Y', 83000   );
INSERT INTO TRANSACTION (ACCOUNT_NO, TRANS_DATE, TRANSFER_YN, AMMOUNT) VALUES('1000-25',  '2019-05-06', 'Y', 97600   );
INSERT INTO TRANSACTION (ACCOUNT_NO, TRANS_DATE, TRANSFER_YN, AMMOUNT) VALUES('1000-26',  '2021-01-30', 'N', 95300   );
INSERT INTO TRANSACTION (ACCOUNT_NO, TRANS_DATE, TRANSFER_YN, AMMOUNT) VALUES('1000-27',  '2019-05-13', 'N', 34300   );
INSERT INTO TRANSACTION (ACCOUNT_NO, TRANS_DATE, TRANSFER_YN, AMMOUNT) VALUES('1000-28',  '2020-12-26', 'Y', 49800   );
INSERT INTO TRANSACTION (ACCOUNT_NO, TRANS_DATE, TRANSFER_YN, AMMOUNT) VALUES('1000-29',  '2019-05-30', 'Y', 54900   );
INSERT INTO TRANSACTION (ACCOUNT_NO, TRANS_DATE, TRANSFER_YN, AMMOUNT) VALUES('1000-30',  '2019-10-08', 'Y', 22600   );
INSERT INTO TRANSACTION (ACCOUNT_NO, TRANS_DATE, TRANSFER_YN, AMMOUNT) VALUES('1000-31',  '2020-03-11', 'Y', 49800   );
INSERT INTO TRANSACTION (ACCOUNT_NO, TRANS_DATE, TRANSFER_YN, AMMOUNT) VALUES('1000-32',  '2020-09-22', 'Y', 49100   );
INSERT INTO TRANSACTION (ACCOUNT_NO, TRANS_DATE, TRANSFER_YN, AMMOUNT) VALUES('1000-33',  '2020-09-18', 'Y', 47500   );
INSERT INTO TRANSACTION (ACCOUNT_NO, TRANS_DATE, TRANSFER_YN, AMMOUNT) VALUES('1000-34',  '2019-10-04', 'Y', 24700   );
INSERT INTO TRANSACTION (ACCOUNT_NO, TRANS_DATE, TRANSFER_YN, AMMOUNT) VALUES('1000-35',  '2019-05-07', 'Y', 96700   );
INSERT INTO TRANSACTION (ACCOUNT_NO, TRANS_DATE, TRANSFER_YN, AMMOUNT) VALUES('1000-36',  '2019-12-01', 'Y', 63700   );
INSERT INTO TRANSACTION (ACCOUNT_NO, TRANS_DATE, TRANSFER_YN, AMMOUNT) VALUES('1000-37',  '2021-07-25', 'Y', 45900   );
INSERT INTO TRANSACTION (ACCOUNT_NO, TRANS_DATE, TRANSFER_YN, AMMOUNT) VALUES('1000-38',  '2020-12-01', 'N', 28300   );
INSERT INTO TRANSACTION (ACCOUNT_NO, TRANS_DATE, TRANSFER_YN, AMMOUNT) VALUES('1000-39',  '2019-08-09', 'Y', 47500   );
INSERT INTO TRANSACTION (ACCOUNT_NO, TRANS_DATE, TRANSFER_YN, AMMOUNT) VALUES('1000-40',  '2020-03-17', 'N', 22700   );
INSERT INTO TRANSACTION (ACCOUNT_NO, TRANS_DATE, TRANSFER_YN, AMMOUNT) VALUES('1000-41',  '2019-12-28', 'Y', 41400   );
INSERT INTO TRANSACTION (ACCOUNT_NO, TRANS_DATE, TRANSFER_YN, AMMOUNT) VALUES('1000-42',  '2019-07-19', 'Y', 48800   );
INSERT INTO TRANSACTION (ACCOUNT_NO, TRANS_DATE, TRANSFER_YN, AMMOUNT) VALUES('1000-43',  '2019-07-14', 'Y', 24000   );
INSERT INTO TRANSACTION (ACCOUNT_NO, TRANS_DATE, TRANSFER_YN, AMMOUNT) VALUES('1000-44',  '2020-06-03', 'Y', 24600   );
INSERT INTO TRANSACTION (ACCOUNT_NO, TRANS_DATE, TRANSFER_YN, AMMOUNT) VALUES('1000-45',  '2020-10-03', 'Y', 49200   );
INSERT INTO TRANSACTION (ACCOUNT_NO, TRANS_DATE, TRANSFER_YN, AMMOUNT) VALUES('1000-46',  '2019-03-04', 'Y', 28200   );
INSERT INTO TRANSACTION (ACCOUNT_NO, TRANS_DATE, TRANSFER_YN, AMMOUNT) VALUES('1000-47',  '2021-06-12', 'Y', 20700   );
INSERT INTO TRANSACTION (ACCOUNT_NO, TRANS_DATE, TRANSFER_YN, AMMOUNT) VALUES('1000-48',  '2019-05-03', 'Y', 95300   );
INSERT INTO TRANSACTION (ACCOUNT_NO, TRANS_DATE, TRANSFER_YN, AMMOUNT) VALUES('1000-49',  '2020-05-21', 'N', 62600   );
INSERT INTO TRANSACTION (ACCOUNT_NO, TRANS_DATE, TRANSFER_YN, AMMOUNT) VALUES('1000-50',  '2019-07-12', 'Y', 84800   );
INSERT INTO TRANSACTION (ACCOUNT_NO, TRANS_DATE, TRANSFER_YN, AMMOUNT) VALUES('1000-01',  '2019-04-08', 'N', 63200   );
INSERT INTO TRANSACTION (ACCOUNT_NO, TRANS_DATE, TRANSFER_YN, AMMOUNT) VALUES('1000-02',  '2020-11-09', 'Y', 94000   );
INSERT INTO TRANSACTION (ACCOUNT_NO, TRANS_DATE, TRANSFER_YN, AMMOUNT) VALUES('1000-03',  '2021-04-06', 'Y', 71400   );
INSERT INTO TRANSACTION (ACCOUNT_NO, TRANS_DATE, TRANSFER_YN, AMMOUNT) VALUES('1000-04',  '2019-07-02', 'N', 70500   );
INSERT INTO TRANSACTION (ACCOUNT_NO, TRANS_DATE, TRANSFER_YN, AMMOUNT) VALUES('1000-05',  '2019-06-03', 'N', 65200   );
INSERT INTO TRANSACTION (ACCOUNT_NO, TRANS_DATE, TRANSFER_YN, AMMOUNT) VALUES('1000-06',  '2019-08-04', 'N', 63600   );
INSERT INTO TRANSACTION (ACCOUNT_NO, TRANS_DATE, TRANSFER_YN, AMMOUNT) VALUES('1000-07',  '2021-05-13', 'N', 23000   );
INSERT INTO TRANSACTION (ACCOUNT_NO, TRANS_DATE, TRANSFER_YN, AMMOUNT) VALUES('1000-08',  '2019-04-28', 'Y', 87200   );
INSERT INTO TRANSACTION (ACCOUNT_NO, TRANS_DATE, TRANSFER_YN, AMMOUNT) VALUES('1000-09',  '2021-03-21', 'Y', 76600   );
INSERT INTO TRANSACTION (ACCOUNT_NO, TRANS_DATE, TRANSFER_YN, AMMOUNT) VALUES('1000-10',  '2021-03-28', 'N', 63900   );
INSERT INTO TRANSACTION (ACCOUNT_NO, TRANS_DATE, TRANSFER_YN, AMMOUNT) VALUES('1000-11',  '2019-04-12', 'N', 31800   );
INSERT INTO TRANSACTION (ACCOUNT_NO, TRANS_DATE, TRANSFER_YN, AMMOUNT) VALUES('1000-12',  '2020-05-28', 'Y', 34900   );
INSERT INTO TRANSACTION (ACCOUNT_NO, TRANS_DATE, TRANSFER_YN, AMMOUNT) VALUES('1000-13',  '2021-06-29', 'Y', 34900   );
INSERT INTO TRANSACTION (ACCOUNT_NO, TRANS_DATE, TRANSFER_YN, AMMOUNT) VALUES('1000-14',  '2019-10-29', 'Y', 45200   );
INSERT INTO TRANSACTION (ACCOUNT_NO, TRANS_DATE, TRANSFER_YN, AMMOUNT) VALUES('1000-15',  '2019-11-12', 'N', 97300   );
INSERT INTO TRANSACTION (ACCOUNT_NO, TRANS_DATE, TRANSFER_YN, AMMOUNT) VALUES('1000-16',  '2021-06-19', 'Y', 27800   );
INSERT INTO TRANSACTION (ACCOUNT_NO, TRANS_DATE, TRANSFER_YN, AMMOUNT) VALUES('1000-17',  '2021-05-17', 'Y', 93700   );
INSERT INTO TRANSACTION (ACCOUNT_NO, TRANS_DATE, TRANSFER_YN, AMMOUNT) VALUES('1000-18',  '2021-09-02', 'N', 95800   );
INSERT INTO TRANSACTION (ACCOUNT_NO, TRANS_DATE, TRANSFER_YN, AMMOUNT) VALUES('1000-19',  '2019-12-06', 'Y', 72300   );
INSERT INTO TRANSACTION (ACCOUNT_NO, TRANS_DATE, TRANSFER_YN, AMMOUNT) VALUES('1000-20',  '2019-07-03', 'Y', 98500   );
INSERT INTO TRANSACTION (ACCOUNT_NO, TRANS_DATE, TRANSFER_YN, AMMOUNT) VALUES('1000-21',  '2021-05-02', 'Y', 60500   );
INSERT INTO TRANSACTION (ACCOUNT_NO, TRANS_DATE, TRANSFER_YN, AMMOUNT) VALUES('1000-22',  '2019-04-22', 'Y', 82500   );
INSERT INTO TRANSACTION (ACCOUNT_NO, TRANS_DATE, TRANSFER_YN, AMMOUNT) VALUES('1000-23',  '2020-11-24', 'N', 95900   );
INSERT INTO TRANSACTION (ACCOUNT_NO, TRANS_DATE, TRANSFER_YN, AMMOUNT) VALUES('1000-24',  '2020-01-30', 'Y', 28800   );
INSERT INTO TRANSACTION (ACCOUNT_NO, TRANS_DATE, TRANSFER_YN, AMMOUNT) VALUES('1000-25',  '2021-04-24', 'Y', 41000   );
INSERT INTO TRANSACTION (ACCOUNT_NO, TRANS_DATE, TRANSFER_YN, AMMOUNT) VALUES('1000-26',  '2021-05-22', 'Y', 52100   );
INSERT INTO TRANSACTION (ACCOUNT_NO, TRANS_DATE, TRANSFER_YN, AMMOUNT) VALUES('1000-27',  '2020-11-20', 'N', 30600   );
INSERT INTO TRANSACTION (ACCOUNT_NO, TRANS_DATE, TRANSFER_YN, AMMOUNT) VALUES('1000-28',  '2020-08-08', 'Y', 96100   );
INSERT INTO TRANSACTION (ACCOUNT_NO, TRANS_DATE, TRANSFER_YN, AMMOUNT) VALUES('1000-29',  '2020-01-12', 'Y', 67400   );
INSERT INTO TRANSACTION (ACCOUNT_NO, TRANS_DATE, TRANSFER_YN, AMMOUNT) VALUES('1000-30',  '2020-03-24', 'Y', 83600   );
INSERT INTO TRANSACTION (ACCOUNT_NO, TRANS_DATE, TRANSFER_YN, AMMOUNT) VALUES('1000-31',  '2021-06-29', 'Y', 60300   );
INSERT INTO TRANSACTION (ACCOUNT_NO, TRANS_DATE, TRANSFER_YN, AMMOUNT) VALUES('1000-32',  '2021-08-20', 'Y', 88700   );
INSERT INTO TRANSACTION (ACCOUNT_NO, TRANS_DATE, TRANSFER_YN, AMMOUNT) VALUES('1000-33',  '2019-04-26', 'N', 26800   );
INSERT INTO TRANSACTION (ACCOUNT_NO, TRANS_DATE, TRANSFER_YN, AMMOUNT) VALUES('1000-34',  '2019-07-07', 'Y', 46000   );
INSERT INTO TRANSACTION (ACCOUNT_NO, TRANS_DATE, TRANSFER_YN, AMMOUNT) VALUES('1000-35',  '2020-03-14', 'N', 43300   );
INSERT INTO TRANSACTION (ACCOUNT_NO, TRANS_DATE, TRANSFER_YN, AMMOUNT) VALUES('1000-36',  '2020-05-22', 'N', 20500   );
INSERT INTO TRANSACTION (ACCOUNT_NO, TRANS_DATE, TRANSFER_YN, AMMOUNT) VALUES('1000-37',  '2020-07-02', 'Y', 99900   );
INSERT INTO TRANSACTION (ACCOUNT_NO, TRANS_DATE, TRANSFER_YN, AMMOUNT) VALUES('1000-38',  '2019-10-18', 'N', 87500   );
INSERT INTO TRANSACTION (ACCOUNT_NO, TRANS_DATE, TRANSFER_YN, AMMOUNT) VALUES('1000-39',  '2019-02-08', 'Y', 70000   );
INSERT INTO TRANSACTION (ACCOUNT_NO, TRANS_DATE, TRANSFER_YN, AMMOUNT) VALUES('1000-40',  '2020-04-27', 'N', 44800   );
INSERT INTO TRANSACTION (ACCOUNT_NO, TRANS_DATE, TRANSFER_YN, AMMOUNT) VALUES('1000-41',  '2020-04-01', 'N', 824800  );
INSERT INTO TRANSACTION (ACCOUNT_NO, TRANS_DATE, TRANSFER_YN, AMMOUNT) VALUES('1000-42',  '2019-11-23', 'Y', 52800   );
INSERT INTO TRANSACTION (ACCOUNT_NO, TRANS_DATE, TRANSFER_YN, AMMOUNT) VALUES('1000-43',  '2021-07-29', 'Y', 739600  );
INSERT INTO TRANSACTION (ACCOUNT_NO, TRANS_DATE, TRANSFER_YN, AMMOUNT) VALUES('1000-44',  '2021-04-23', 'Y', 796400  );
INSERT INTO TRANSACTION (ACCOUNT_NO, TRANS_DATE, TRANSFER_YN, AMMOUNT) VALUES('1000-45',  '2019-05-02', 'N', 188000  );
INSERT INTO TRANSACTION (ACCOUNT_NO, TRANS_DATE, TRANSFER_YN, AMMOUNT) VALUES('1000-46',  '2019-12-14', 'Y', 961100  );
INSERT INTO TRANSACTION (ACCOUNT_NO, TRANS_DATE, TRANSFER_YN, AMMOUNT) VALUES('1000-47',  '2019-03-06', 'Y', 870200  );
INSERT INTO TRANSACTION (ACCOUNT_NO, TRANS_DATE, TRANSFER_YN, AMMOUNT) VALUES('1000-48',  '2019-07-19', 'Y', 515300  );
INSERT INTO TRANSACTION (ACCOUNT_NO, TRANS_DATE, TRANSFER_YN, AMMOUNT) VALUES('1000-49',  '2020-02-17', 'N', 118600  );
INSERT INTO TRANSACTION (ACCOUNT_NO, TRANS_DATE, TRANSFER_YN, AMMOUNT) VALUES('1000-50',  '2021-06-09', 'Y', 512300  );
INSERT INTO TRANSACTION (ACCOUNT_NO, TRANS_DATE, TRANSFER_YN, AMMOUNT) VALUES('1000-01',  '2019-02-22', 'Y', 61400   );
INSERT INTO TRANSACTION (ACCOUNT_NO, TRANS_DATE, TRANSFER_YN, AMMOUNT) VALUES('1000-02',  '2020-11-21', 'Y', 875700  );
INSERT INTO TRANSACTION (ACCOUNT_NO, TRANS_DATE, TRANSFER_YN, AMMOUNT) VALUES('1000-03',  '2020-10-25', 'N', 656700  );
INSERT INTO TRANSACTION (ACCOUNT_NO, TRANS_DATE, TRANSFER_YN, AMMOUNT) VALUES('1000-04',  '2020-09-10', 'Y', 527100  );
INSERT INTO TRANSACTION (ACCOUNT_NO, TRANS_DATE, TRANSFER_YN, AMMOUNT) VALUES('1000-05',  '2019-05-19', 'Y', 37000   );
INSERT INTO TRANSACTION (ACCOUNT_NO, TRANS_DATE, TRANSFER_YN, AMMOUNT) VALUES('1000-06',  '2019-01-17', 'Y', 1200    );
INSERT INTO TRANSACTION (ACCOUNT_NO, TRANS_DATE, TRANSFER_YN, AMMOUNT) VALUES('1000-07',  '2021-03-15', 'Y', 497600  );
INSERT INTO TRANSACTION (ACCOUNT_NO, TRANS_DATE, TRANSFER_YN, AMMOUNT) VALUES('1000-08',  '2021-05-21', 'N', 25600   );
INSERT INTO TRANSACTION (ACCOUNT_NO, TRANS_DATE, TRANSFER_YN, AMMOUNT) VALUES('1000-09',  '2021-03-27', 'Y', 765300  );
INSERT INTO TRANSACTION (ACCOUNT_NO, TRANS_DATE, TRANSFER_YN, AMMOUNT) VALUES('1000-10',  '2019-07-01', 'N', 821500  );
INSERT INTO TRANSACTION (ACCOUNT_NO, TRANS_DATE, TRANSFER_YN, AMMOUNT) VALUES('1000-11',  '2021-01-08', 'Y', 931400  );
INSERT INTO TRANSACTION (ACCOUNT_NO, TRANS_DATE, TRANSFER_YN, AMMOUNT) VALUES('1000-12',  '2020-06-30', 'Y', 355100  );
INSERT INTO TRANSACTION (ACCOUNT_NO, TRANS_DATE, TRANSFER_YN, AMMOUNT) VALUES('1000-13',  '2021-05-22', 'Y', 524800  );
INSERT INTO TRANSACTION (ACCOUNT_NO, TRANS_DATE, TRANSFER_YN, AMMOUNT) VALUES('1000-14',  '2020-11-29', 'Y', 888200  );
INSERT INTO TRANSACTION (ACCOUNT_NO, TRANS_DATE, TRANSFER_YN, AMMOUNT) VALUES('1000-15',  '2020-04-27', 'Y', 837800  );
INSERT INTO TRANSACTION (ACCOUNT_NO, TRANS_DATE, TRANSFER_YN, AMMOUNT) VALUES('1000-16',  '2020-06-30', 'Y', 179800  );
INSERT INTO TRANSACTION (ACCOUNT_NO, TRANS_DATE, TRANSFER_YN, AMMOUNT) VALUES('1000-17',  '2021-08-17', 'Y', 106300  );
INSERT INTO TRANSACTION (ACCOUNT_NO, TRANS_DATE, TRANSFER_YN, AMMOUNT) VALUES('1000-18',  '2021-08-08', 'Y', 134100  );
INSERT INTO TRANSACTION (ACCOUNT_NO, TRANS_DATE, TRANSFER_YN, AMMOUNT) VALUES('1000-19',  '2020-03-01', 'Y', 326800  );
INSERT INTO TRANSACTION (ACCOUNT_NO, TRANS_DATE, TRANSFER_YN, AMMOUNT) VALUES('1000-20',  '2019-03-19', 'Y', 135500  );
INSERT INTO TRANSACTION (ACCOUNT_NO, TRANS_DATE, TRANSFER_YN, AMMOUNT) VALUES('1000-21',  '2019-04-07', 'Y', 898900  );
INSERT INTO TRANSACTION (ACCOUNT_NO, TRANS_DATE, TRANSFER_YN, AMMOUNT) VALUES('1000-22',  '2019-04-18', 'N', 446200  );
INSERT INTO TRANSACTION (ACCOUNT_NO, TRANS_DATE, TRANSFER_YN, AMMOUNT) VALUES('1000-23',  '2020-05-16', 'Y', 742500  );
INSERT INTO TRANSACTION (ACCOUNT_NO, TRANS_DATE, TRANSFER_YN, AMMOUNT) VALUES('1000-24',  '2019-12-08', 'Y', 45600   );
INSERT INTO TRANSACTION (ACCOUNT_NO, TRANS_DATE, TRANSFER_YN, AMMOUNT) VALUES('1000-25',  '2020-01-25', 'N', 48200   );
INSERT INTO TRANSACTION (ACCOUNT_NO, TRANS_DATE, TRANSFER_YN, AMMOUNT) VALUES('1000-26',  '2019-06-18', 'N', 252400  );
INSERT INTO TRANSACTION (ACCOUNT_NO, TRANS_DATE, TRANSFER_YN, AMMOUNT) VALUES('1000-27',  '2019-10-28', 'N', 774200  );
INSERT INTO TRANSACTION (ACCOUNT_NO, TRANS_DATE, TRANSFER_YN, AMMOUNT) VALUES('1000-28',  '2019-08-24', 'N', 411000  );
INSERT INTO TRANSACTION (ACCOUNT_NO, TRANS_DATE, TRANSFER_YN, AMMOUNT) VALUES('1000-29',  '2019-03-07', 'N', 866500  );
INSERT INTO TRANSACTION (ACCOUNT_NO, TRANS_DATE, TRANSFER_YN, AMMOUNT) VALUES('1000-30',  '2019-04-02', 'Y', 188900  );
INSERT INTO TRANSACTION (ACCOUNT_NO, TRANS_DATE, TRANSFER_YN, AMMOUNT) VALUES('1000-31',  '2021-05-26', 'N', 88700   );
INSERT INTO TRANSACTION (ACCOUNT_NO, TRANS_DATE, TRANSFER_YN, AMMOUNT) VALUES('1000-32',  '2020-07-26', 'Y', 66500   );
INSERT INTO TRANSACTION (ACCOUNT_NO, TRANS_DATE, TRANSFER_YN, AMMOUNT) VALUES('1000-33',  '2020-02-10', 'N', 769100  );
INSERT INTO TRANSACTION (ACCOUNT_NO, TRANS_DATE, TRANSFER_YN, AMMOUNT) VALUES('1000-34',  '2021-06-27', 'N', 525500  );
INSERT INTO TRANSACTION (ACCOUNT_NO, TRANS_DATE, TRANSFER_YN, AMMOUNT) VALUES('1000-35',  '2020-05-29', 'Y', 941100  );
INSERT INTO TRANSACTION (ACCOUNT_NO, TRANS_DATE, TRANSFER_YN, AMMOUNT) VALUES('1000-36',  '2021-09-24', 'N', 858300  );
INSERT INTO TRANSACTION (ACCOUNT_NO, TRANS_DATE, TRANSFER_YN, AMMOUNT) VALUES('1000-37',  '2019-01-06', 'Y', 612400  );
INSERT INTO TRANSACTION (ACCOUNT_NO, TRANS_DATE, TRANSFER_YN, AMMOUNT) VALUES('1000-38',  '2019-12-30', 'N', 34400   );
INSERT INTO TRANSACTION (ACCOUNT_NO, TRANS_DATE, TRANSFER_YN, AMMOUNT) VALUES('1000-39',  '2019-01-12', 'N', 923800  );
INSERT INTO TRANSACTION (ACCOUNT_NO, TRANS_DATE, TRANSFER_YN, AMMOUNT) VALUES('1000-40',  '2020-03-28', 'Y', 891500  );
INSERT INTO TRANSACTION (ACCOUNT_NO, TRANS_DATE, TRANSFER_YN, AMMOUNT) VALUES('1000-41',  '2021-08-24', 'Y', 108200  );
INSERT INTO TRANSACTION (ACCOUNT_NO, TRANS_DATE, TRANSFER_YN, AMMOUNT) VALUES('1000-42',  '2020-08-20', 'Y', 103100  );
INSERT INTO TRANSACTION (ACCOUNT_NO, TRANS_DATE, TRANSFER_YN, AMMOUNT) VALUES('1000-43',  '2020-12-17', 'N', 38700   );
INSERT INTO TRANSACTION (ACCOUNT_NO, TRANS_DATE, TRANSFER_YN, AMMOUNT) VALUES('1000-44',  '2019-04-02', 'N', 209700  );
INSERT INTO TRANSACTION (ACCOUNT_NO, TRANS_DATE, TRANSFER_YN, AMMOUNT) VALUES('1000-45',  '2021-07-09', 'Y', 378900  );
INSERT INTO TRANSACTION (ACCOUNT_NO, TRANS_DATE, TRANSFER_YN, AMMOUNT) VALUES('1000-46',  '2019-02-24', 'N', 914500  );
INSERT INTO TRANSACTION (ACCOUNT_NO, TRANS_DATE, TRANSFER_YN, AMMOUNT) VALUES('1000-47',  '2020-10-08', 'N', 615800  );
INSERT INTO TRANSACTION (ACCOUNT_NO, TRANS_DATE, TRANSFER_YN, AMMOUNT) VALUES('1000-48',  '2019-09-28', 'Y', 308500  );
INSERT INTO TRANSACTION (ACCOUNT_NO, TRANS_DATE, TRANSFER_YN, AMMOUNT) VALUES('1000-49',  '2020-08-24', 'Y', 941700  );
INSERT INTO TRANSACTION (ACCOUNT_NO, TRANS_DATE, TRANSFER_YN, AMMOUNT) VALUES('1000-50',  '2019-08-08', 'N', 386300  );
INSERT INTO TRANSACTION (ACCOUNT_NO, TRANS_DATE, TRANSFER_YN, AMMOUNT) VALUES('1000-01',  '2020-02-11', 'Y', 656500  );
INSERT INTO TRANSACTION (ACCOUNT_NO, TRANS_DATE, TRANSFER_YN, AMMOUNT) VALUES('1000-02',  '2019-03-03', 'Y', 895800  );
INSERT INTO TRANSACTION (ACCOUNT_NO, TRANS_DATE, TRANSFER_YN, AMMOUNT) VALUES('1000-03',  '2020-12-04', 'Y', 872800  );
INSERT INTO TRANSACTION (ACCOUNT_NO, TRANS_DATE, TRANSFER_YN, AMMOUNT) VALUES('1000-04',  '2020-09-10', 'Y', 948900  );
INSERT INTO TRANSACTION (ACCOUNT_NO, TRANS_DATE, TRANSFER_YN, AMMOUNT) VALUES('1000-05',  '2020-08-27', 'N', 938400  );
INSERT INTO TRANSACTION (ACCOUNT_NO, TRANS_DATE, TRANSFER_YN, AMMOUNT) VALUES('1000-06',  '2020-07-19', 'Y', 589000  );
INSERT INTO TRANSACTION (ACCOUNT_NO, TRANS_DATE, TRANSFER_YN, AMMOUNT) VALUES('1000-07',  '2019-10-10', 'N', 774600  );
INSERT INTO TRANSACTION (ACCOUNT_NO, TRANS_DATE, TRANSFER_YN, AMMOUNT) VALUES('1000-08',  '2019-03-30', 'N', 134900  );
INSERT INTO TRANSACTION (ACCOUNT_NO, TRANS_DATE, TRANSFER_YN, AMMOUNT) VALUES('1000-09',  '2021-03-25', 'Y', 671800  );
INSERT INTO TRANSACTION (ACCOUNT_NO, TRANS_DATE, TRANSFER_YN, AMMOUNT) VALUES('1000-10',  '2019-04-30', 'N', 617500  );
INSERT INTO TRANSACTION (ACCOUNT_NO, TRANS_DATE, TRANSFER_YN, AMMOUNT) VALUES('1000-11',  '2020-02-20', 'Y', 545400  );
INSERT INTO TRANSACTION (ACCOUNT_NO, TRANS_DATE, TRANSFER_YN, AMMOUNT) VALUES('1000-12',  '2020-03-18', 'N', 815400  );
INSERT INTO TRANSACTION (ACCOUNT_NO, TRANS_DATE, TRANSFER_YN, AMMOUNT) VALUES('1000-13',  '2019-12-18', 'N', 207700  );
INSERT INTO TRANSACTION (ACCOUNT_NO, TRANS_DATE, TRANSFER_YN, AMMOUNT) VALUES('1000-14',  '2019-05-03', 'N', 807100  );
INSERT INTO TRANSACTION (ACCOUNT_NO, TRANS_DATE, TRANSFER_YN, AMMOUNT) VALUES('1000-15',  '2020-12-03', 'N', 194000  );
INSERT INTO TRANSACTION (ACCOUNT_NO, TRANS_DATE, TRANSFER_YN, AMMOUNT) VALUES('1000-16',  '2019-06-03', 'Y', 472400  );
INSERT INTO TRANSACTION (ACCOUNT_NO, TRANS_DATE, TRANSFER_YN, AMMOUNT) VALUES('1000-17',  '2019-01-23', 'N', 492200  );
INSERT INTO TRANSACTION (ACCOUNT_NO, TRANS_DATE, TRANSFER_YN, AMMOUNT) VALUES('1000-18',  '2020-09-27', 'Y', 965400  );
INSERT INTO TRANSACTION (ACCOUNT_NO, TRANS_DATE, TRANSFER_YN, AMMOUNT) VALUES('1000-19',  '2020-12-07', 'Y', 904000  );
INSERT INTO TRANSACTION (ACCOUNT_NO, TRANS_DATE, TRANSFER_YN, AMMOUNT) VALUES('1000-20',  '2021-08-30', 'Y', 751100  );
INSERT INTO TRANSACTION (ACCOUNT_NO, TRANS_DATE, TRANSFER_YN, AMMOUNT) VALUES('1000-21',  '2019-03-31', 'Y', 840900  );
INSERT INTO TRANSACTION (ACCOUNT_NO, TRANS_DATE, TRANSFER_YN, AMMOUNT) VALUES('1000-22',  '2019-09-10', 'Y', 881300  );
INSERT INTO TRANSACTION (ACCOUNT_NO, TRANS_DATE, TRANSFER_YN, AMMOUNT) VALUES('1000-23',  '2021-02-25', 'Y', 907400  );
INSERT INTO TRANSACTION (ACCOUNT_NO, TRANS_DATE, TRANSFER_YN, AMMOUNT) VALUES('1000-24',  '2019-08-08', 'Y', 588000  );
INSERT INTO TRANSACTION (ACCOUNT_NO, TRANS_DATE, TRANSFER_YN, AMMOUNT) VALUES('1000-25',  '2019-02-04', 'N', 171900  );
INSERT INTO TRANSACTION (ACCOUNT_NO, TRANS_DATE, TRANSFER_YN, AMMOUNT) VALUES('1000-26',  '2019-08-28', 'Y', 107900  );
INSERT INTO TRANSACTION (ACCOUNT_NO, TRANS_DATE, TRANSFER_YN, AMMOUNT) VALUES('1000-27',  '2020-01-21', 'N', 251800  );
INSERT INTO TRANSACTION (ACCOUNT_NO, TRANS_DATE, TRANSFER_YN, AMMOUNT) VALUES('1000-28',  '2020-07-06', 'Y', 920000  );
INSERT INTO TRANSACTION (ACCOUNT_NO, TRANS_DATE, TRANSFER_YN, AMMOUNT) VALUES('1000-29',  '2020-02-13', 'N', 565800  );
INSERT INTO TRANSACTION (ACCOUNT_NO, TRANS_DATE, TRANSFER_YN, AMMOUNT) VALUES('1000-30',  '2019-03-17', 'Y', 169200  );
INSERT INTO TRANSACTION (ACCOUNT_NO, TRANS_DATE, TRANSFER_YN, AMMOUNT) VALUES('1000-31',  '2020-07-31', 'Y', 444000  );
INSERT INTO TRANSACTION (ACCOUNT_NO, TRANS_DATE, TRANSFER_YN, AMMOUNT) VALUES('1000-32',  '2020-10-14', 'Y', 341500  );
INSERT INTO TRANSACTION (ACCOUNT_NO, TRANS_DATE, TRANSFER_YN, AMMOUNT) VALUES('1000-33',  '2020-01-10', 'Y', 140000  );
INSERT INTO TRANSACTION (ACCOUNT_NO, TRANS_DATE, TRANSFER_YN, AMMOUNT) VALUES('1000-34',  '2020-03-14', 'Y', 74200   );
INSERT INTO TRANSACTION (ACCOUNT_NO, TRANS_DATE, TRANSFER_YN, AMMOUNT) VALUES('1000-35',  '2019-11-06', 'N', 213300  );
INSERT INTO TRANSACTION (ACCOUNT_NO, TRANS_DATE, TRANSFER_YN, AMMOUNT) VALUES('1000-36',  '2019-07-15', 'Y', 874100  );
INSERT INTO TRANSACTION (ACCOUNT_NO, TRANS_DATE, TRANSFER_YN, AMMOUNT) VALUES('1000-37',  '2020-03-16', 'Y', 719500  );
INSERT INTO TRANSACTION (ACCOUNT_NO, TRANS_DATE, TRANSFER_YN, AMMOUNT) VALUES('1000-38',  '2019-02-02', 'Y', 761400  );
INSERT INTO TRANSACTION (ACCOUNT_NO, TRANS_DATE, TRANSFER_YN, AMMOUNT) VALUES('1000-39',  '2021-05-01', 'Y', 532100  );
INSERT INTO TRANSACTION (ACCOUNT_NO, TRANS_DATE, TRANSFER_YN, AMMOUNT) VALUES('1000-40',  '2020-05-22', 'N', 448100  );
INSERT INTO TRANSACTION (ACCOUNT_NO, TRANS_DATE, TRANSFER_YN, AMMOUNT) VALUES('1000-41',  '2021-01-01', 'N', 4400    );
INSERT INTO TRANSACTION (ACCOUNT_NO, TRANS_DATE, TRANSFER_YN, AMMOUNT) VALUES('1000-42',  '2019-03-03', 'Y', 588300  );
INSERT INTO TRANSACTION (ACCOUNT_NO, TRANS_DATE, TRANSFER_YN, AMMOUNT) VALUES('1000-43',  '2020-03-12', 'Y', 928100  );
INSERT INTO TRANSACTION (ACCOUNT_NO, TRANS_DATE, TRANSFER_YN, AMMOUNT) VALUES('1000-44',  '2020-05-17', 'N', 871000  );
INSERT INTO TRANSACTION (ACCOUNT_NO, TRANS_DATE, TRANSFER_YN, AMMOUNT) VALUES('1000-45',  '2020-01-13', 'Y', 673300  );
INSERT INTO TRANSACTION (ACCOUNT_NO, TRANS_DATE, TRANSFER_YN, AMMOUNT) VALUES('1000-46',  '2019-04-05', 'Y', 294300  );
INSERT INTO TRANSACTION (ACCOUNT_NO, TRANS_DATE, TRANSFER_YN, AMMOUNT) VALUES('1000-47',  '2020-11-06', 'N', 454000  );
INSERT INTO TRANSACTION (ACCOUNT_NO, TRANS_DATE, TRANSFER_YN, AMMOUNT) VALUES('1000-48',  '2021-01-18', 'N', 312500  );
INSERT INTO TRANSACTION (ACCOUNT_NO, TRANS_DATE, TRANSFER_YN, AMMOUNT) VALUES('1000-49',  '2021-07-28', 'Y', 575800  );
INSERT INTO TRANSACTION (ACCOUNT_NO, TRANS_DATE, TRANSFER_YN, AMMOUNT) VALUES('1000-50',  '2021-07-31', 'Y', 79400   );
INSERT INTO TRANSACTION (ACCOUNT_NO, TRANS_DATE, TRANSFER_YN, AMMOUNT) VALUES('1000-01',  '2020-06-27', 'Y', 867900  );
INSERT INTO TRANSACTION (ACCOUNT_NO, TRANS_DATE, TRANSFER_YN, AMMOUNT) VALUES('1000-02',  '2021-08-29', 'Y', 490200  );
INSERT INTO TRANSACTION (ACCOUNT_NO, TRANS_DATE, TRANSFER_YN, AMMOUNT) VALUES('1000-03',  '2019-12-30', 'N', 794100  );
INSERT INTO TRANSACTION (ACCOUNT_NO, TRANS_DATE, TRANSFER_YN, AMMOUNT) VALUES('1000-04',  '2020-05-21', 'Y', 338400  );
INSERT INTO TRANSACTION (ACCOUNT_NO, TRANS_DATE, TRANSFER_YN, AMMOUNT) VALUES('1000-05',  '2020-10-21', 'Y', 250300  );
INSERT INTO TRANSACTION (ACCOUNT_NO, TRANS_DATE, TRANSFER_YN, AMMOUNT) VALUES('1000-06',  '2021-04-25', 'Y', 259800  );
INSERT INTO TRANSACTION (ACCOUNT_NO, TRANS_DATE, TRANSFER_YN, AMMOUNT) VALUES('1000-07',  '2020-03-11', 'Y', 300100  );
INSERT INTO TRANSACTION (ACCOUNT_NO, TRANS_DATE, TRANSFER_YN, AMMOUNT) VALUES('1000-08',  '2019-05-16', 'N', 613400  );
INSERT INTO TRANSACTION (ACCOUNT_NO, TRANS_DATE, TRANSFER_YN, AMMOUNT) VALUES('1000-09',  '2020-12-19', 'Y', 615700  );
INSERT INTO TRANSACTION (ACCOUNT_NO, TRANS_DATE, TRANSFER_YN, AMMOUNT) VALUES('1000-10',  '2020-07-10', 'N', 594600  );
INSERT INTO TRANSACTION (ACCOUNT_NO, TRANS_DATE, TRANSFER_YN, AMMOUNT) VALUES('1000-11',  '2020-04-09', 'N', 829800  );
INSERT INTO TRANSACTION (ACCOUNT_NO, TRANS_DATE, TRANSFER_YN, AMMOUNT) VALUES('1000-12',  '2021-04-02', 'N', 975800  );
INSERT INTO TRANSACTION (ACCOUNT_NO, TRANS_DATE, TRANSFER_YN, AMMOUNT) VALUES('1000-13',  '2021-03-31', 'N', 952900  );
INSERT INTO TRANSACTION (ACCOUNT_NO, TRANS_DATE, TRANSFER_YN, AMMOUNT) VALUES('1000-14',  '2019-09-19', 'N', 342800  );
INSERT INTO TRANSACTION (ACCOUNT_NO, TRANS_DATE, TRANSFER_YN, AMMOUNT) VALUES('1000-15',  '2020-03-30', 'Y', 790200  );
INSERT INTO TRANSACTION (ACCOUNT_NO, TRANS_DATE, TRANSFER_YN, AMMOUNT) VALUES('1000-16',  '2019-04-03', 'Y', 17700   );
INSERT INTO TRANSACTION (ACCOUNT_NO, TRANS_DATE, TRANSFER_YN, AMMOUNT) VALUES('1000-17',  '2020-03-07', 'Y', 665500  );
INSERT INTO TRANSACTION (ACCOUNT_NO, TRANS_DATE, TRANSFER_YN, AMMOUNT) VALUES('1000-18',  '2020-12-18', 'Y', 735700  );
INSERT INTO TRANSACTION (ACCOUNT_NO, TRANS_DATE, TRANSFER_YN, AMMOUNT) VALUES('1000-19',  '2020-08-18', 'Y', 424900  );
INSERT INTO TRANSACTION (ACCOUNT_NO, TRANS_DATE, TRANSFER_YN, AMMOUNT) VALUES('1000-20',  '2020-05-04', 'Y', 544300  );
INSERT INTO TRANSACTION (ACCOUNT_NO, TRANS_DATE, TRANSFER_YN, AMMOUNT) VALUES('1000-21',  '2020-10-02', 'Y', 610700  );
INSERT INTO TRANSACTION (ACCOUNT_NO, TRANS_DATE, TRANSFER_YN, AMMOUNT) VALUES('1000-22',  '2019-05-05', 'Y', 613800  );
INSERT INTO TRANSACTION (ACCOUNT_NO, TRANS_DATE, TRANSFER_YN, AMMOUNT) VALUES('1000-23',  '2019-10-21', 'Y', 654500  );
INSERT INTO TRANSACTION (ACCOUNT_NO, TRANS_DATE, TRANSFER_YN, AMMOUNT) VALUES('1000-24',  '2021-09-14', 'Y', 892500  );
INSERT INTO TRANSACTION (ACCOUNT_NO, TRANS_DATE, TRANSFER_YN, AMMOUNT) VALUES('1000-25',  '2020-03-01', 'Y', 480900  );
INSERT INTO TRANSACTION (ACCOUNT_NO, TRANS_DATE, TRANSFER_YN, AMMOUNT) VALUES('1000-26',  '2020-04-26', 'Y', 218600  );
INSERT INTO TRANSACTION (ACCOUNT_NO, TRANS_DATE, TRANSFER_YN, AMMOUNT) VALUES('1000-27',  '2021-03-31', 'Y', 763100  );
INSERT INTO TRANSACTION (ACCOUNT_NO, TRANS_DATE, TRANSFER_YN, AMMOUNT) VALUES('1000-28',  '2020-06-10', 'Y', 767700  );
INSERT INTO TRANSACTION (ACCOUNT_NO, TRANS_DATE, TRANSFER_YN, AMMOUNT) VALUES('1000-29',  '2019-05-16', 'Y', 246300  );
INSERT INTO TRANSACTION (ACCOUNT_NO, TRANS_DATE, TRANSFER_YN, AMMOUNT) VALUES('1000-30',  '2019-09-28', 'Y', 119100  );
INSERT INTO TRANSACTION (ACCOUNT_NO, TRANS_DATE, TRANSFER_YN, AMMOUNT) VALUES('1000-31',  '2020-06-09', 'Y', 488200  );
INSERT INTO TRANSACTION (ACCOUNT_NO, TRANS_DATE, TRANSFER_YN, AMMOUNT) VALUES('1000-32',  '2021-05-05', 'N', 497900  );
INSERT INTO TRANSACTION (ACCOUNT_NO, TRANS_DATE, TRANSFER_YN, AMMOUNT) VALUES('1000-33',  '2019-09-29', 'Y', 449000  );
INSERT INTO TRANSACTION (ACCOUNT_NO, TRANS_DATE, TRANSFER_YN, AMMOUNT) VALUES('1000-34',  '2020-08-26', 'N', 548300  );
INSERT INTO TRANSACTION (ACCOUNT_NO, TRANS_DATE, TRANSFER_YN, AMMOUNT) VALUES('1000-35',  '2021-05-23', 'Y', 136200  );
INSERT INTO TRANSACTION (ACCOUNT_NO, TRANS_DATE, TRANSFER_YN, AMMOUNT) VALUES('1000-36',  '2019-09-01', 'Y', 883900  );
INSERT INTO TRANSACTION (ACCOUNT_NO, TRANS_DATE, TRANSFER_YN, AMMOUNT) VALUES('1000-37',  '2019-04-23', 'N', 225800  );
INSERT INTO TRANSACTION (ACCOUNT_NO, TRANS_DATE, TRANSFER_YN, AMMOUNT) VALUES('1000-38',  '2019-03-01', 'N', 143500  );
INSERT INTO TRANSACTION (ACCOUNT_NO, TRANS_DATE, TRANSFER_YN, AMMOUNT) VALUES('1000-39',  '2021-05-27', 'N', 497500  );
INSERT INTO TRANSACTION (ACCOUNT_NO, TRANS_DATE, TRANSFER_YN, AMMOUNT) VALUES('1000-40',  '2021-01-27', 'Y', 208200  );
INSERT INTO TRANSACTION (ACCOUNT_NO, TRANS_DATE, TRANSFER_YN, AMMOUNT) VALUES('1000-41',  '2021-04-27', 'Y', 580400  );
INSERT INTO TRANSACTION (ACCOUNT_NO, TRANS_DATE, TRANSFER_YN, AMMOUNT) VALUES('1000-42',  '2021-01-22', 'N', 490200  );
INSERT INTO TRANSACTION (ACCOUNT_NO, TRANS_DATE, TRANSFER_YN, AMMOUNT) VALUES('1000-43',  '2021-05-04', 'N', 474800  );
INSERT INTO TRANSACTION (ACCOUNT_NO, TRANS_DATE, TRANSFER_YN, AMMOUNT) VALUES('1000-44',  '2020-06-22', 'N', 246400  );
INSERT INTO TRANSACTION (ACCOUNT_NO, TRANS_DATE, TRANSFER_YN, AMMOUNT) VALUES('1000-45',  '2019-12-03', 'N', 966600  );
INSERT INTO TRANSACTION (ACCOUNT_NO, TRANS_DATE, TRANSFER_YN, AMMOUNT) VALUES('1000-46',  '2020-07-10', 'Y', 101800  );
INSERT INTO TRANSACTION (ACCOUNT_NO, TRANS_DATE, TRANSFER_YN, AMMOUNT) VALUES('1000-47',  '2019-12-06', 'Y', 7900    );
INSERT INTO TRANSACTION (ACCOUNT_NO, TRANS_DATE, TRANSFER_YN, AMMOUNT) VALUES('1000-48',  '2019-04-12', 'Y', 704800  );
INSERT INTO TRANSACTION (ACCOUNT_NO, TRANS_DATE, TRANSFER_YN, AMMOUNT) VALUES('1000-49',  '2021-03-30', 'N', 18000   );
INSERT INTO TRANSACTION (ACCOUNT_NO, TRANS_DATE, TRANSFER_YN, AMMOUNT) VALUES('1000-50',  '2019-01-06', 'Y', 737200  );
INSERT INTO TRANSACTION (ACCOUNT_NO, TRANS_DATE, TRANSFER_YN, AMMOUNT) VALUES('1000-01',  '2021-03-12', 'Y', 63700   );
INSERT INTO TRANSACTION (ACCOUNT_NO, TRANS_DATE, TRANSFER_YN, AMMOUNT) VALUES('1000-02',  '2019-01-18', 'N', 636800  );
INSERT INTO TRANSACTION (ACCOUNT_NO, TRANS_DATE, TRANSFER_YN, AMMOUNT) VALUES('1000-03',  '2019-11-22', 'Y', 294600  );
INSERT INTO TRANSACTION (ACCOUNT_NO, TRANS_DATE, TRANSFER_YN, AMMOUNT) VALUES('1000-04',  '2021-01-21', 'Y', 78200   );
INSERT INTO TRANSACTION (ACCOUNT_NO, TRANS_DATE, TRANSFER_YN, AMMOUNT) VALUES('1000-05',  '2019-06-13', 'Y', 235700  );
INSERT INTO TRANSACTION (ACCOUNT_NO, TRANS_DATE, TRANSFER_YN, AMMOUNT) VALUES('1000-06',  '2021-06-29', 'N', 151700  );
INSERT INTO TRANSACTION (ACCOUNT_NO, TRANS_DATE, TRANSFER_YN, AMMOUNT) VALUES('1000-07',  '2020-03-19', 'Y', 49200   );
INSERT INTO TRANSACTION (ACCOUNT_NO, TRANS_DATE, TRANSFER_YN, AMMOUNT) VALUES('1000-08',  '2020-06-05', 'Y', 268400  );
INSERT INTO TRANSACTION (ACCOUNT_NO, TRANS_DATE, TRANSFER_YN, AMMOUNT) VALUES('1000-09',  '2019-02-25', 'N', 458300  );
INSERT INTO TRANSACTION (ACCOUNT_NO, TRANS_DATE, TRANSFER_YN, AMMOUNT) VALUES('1000-10',  '2021-03-15', 'N', 282500  );
INSERT INTO TRANSACTION (ACCOUNT_NO, TRANS_DATE, TRANSFER_YN, AMMOUNT) VALUES('1000-11',  '2021-07-10', 'Y', 573400  );
INSERT INTO TRANSACTION (ACCOUNT_NO, TRANS_DATE, TRANSFER_YN, AMMOUNT) VALUES('1000-12',  '2020-08-17', 'N', 474400  );
INSERT INTO TRANSACTION (ACCOUNT_NO, TRANS_DATE, TRANSFER_YN, AMMOUNT) VALUES('1000-13',  '2019-09-01', 'N', 123900  );
INSERT INTO TRANSACTION (ACCOUNT_NO, TRANS_DATE, TRANSFER_YN, AMMOUNT) VALUES('1000-14',  '2019-08-28', 'Y', 306700  );
INSERT INTO TRANSACTION (ACCOUNT_NO, TRANS_DATE, TRANSFER_YN, AMMOUNT) VALUES('1000-15',  '2021-03-28', 'Y', 909400  );
INSERT INTO TRANSACTION (ACCOUNT_NO, TRANS_DATE, TRANSFER_YN, AMMOUNT) VALUES('1000-16',  '2020-10-10', 'Y', 353600  );
INSERT INTO TRANSACTION (ACCOUNT_NO, TRANS_DATE, TRANSFER_YN, AMMOUNT) VALUES('1000-17',  '2020-01-07', 'Y', 339900  );
INSERT INTO TRANSACTION (ACCOUNT_NO, TRANS_DATE, TRANSFER_YN, AMMOUNT) VALUES('1000-18',  '2019-01-24', 'N', 226200  );
INSERT INTO TRANSACTION (ACCOUNT_NO, TRANS_DATE, TRANSFER_YN, AMMOUNT) VALUES('1000-19',  '2019-01-31', 'Y', 925300  );
INSERT INTO TRANSACTION (ACCOUNT_NO, TRANS_DATE, TRANSFER_YN, AMMOUNT) VALUES('1000-20',  '2020-07-03', 'Y', 469600  );
INSERT INTO TRANSACTION (ACCOUNT_NO, TRANS_DATE, TRANSFER_YN, AMMOUNT) VALUES('1000-21',  '2019-12-25', 'N', 414000  );
INSERT INTO TRANSACTION (ACCOUNT_NO, TRANS_DATE, TRANSFER_YN, AMMOUNT) VALUES('1000-22',  '2020-01-15', 'N', 47800   );
INSERT INTO TRANSACTION (ACCOUNT_NO, TRANS_DATE, TRANSFER_YN, AMMOUNT) VALUES('1000-23',  '2021-03-06', 'Y', 987600  );
INSERT INTO TRANSACTION (ACCOUNT_NO, TRANS_DATE, TRANSFER_YN, AMMOUNT) VALUES('1000-24',  '2020-01-18', 'N', 487500  );
INSERT INTO TRANSACTION (ACCOUNT_NO, TRANS_DATE, TRANSFER_YN, AMMOUNT) VALUES('1000-25',  '2021-07-29', 'Y', 93400   );
INSERT INTO TRANSACTION (ACCOUNT_NO, TRANS_DATE, TRANSFER_YN, AMMOUNT) VALUES('1000-26',  '2020-06-27', 'Y', 723300  );
INSERT INTO TRANSACTION (ACCOUNT_NO, TRANS_DATE, TRANSFER_YN, AMMOUNT) VALUES('1000-27',  '2021-04-16', 'Y', 301800  );
INSERT INTO TRANSACTION (ACCOUNT_NO, TRANS_DATE, TRANSFER_YN, AMMOUNT) VALUES('1000-28',  '2021-06-19', 'Y', 650900  );
INSERT INTO TRANSACTION (ACCOUNT_NO, TRANS_DATE, TRANSFER_YN, AMMOUNT) VALUES('1000-29',  '2019-07-27', 'Y', 546200  );
INSERT INTO TRANSACTION (ACCOUNT_NO, TRANS_DATE, TRANSFER_YN, AMMOUNT) VALUES('1000-30',  '2019-06-17', 'N', 239600  );
INSERT INTO TRANSACTION (ACCOUNT_NO, TRANS_DATE, TRANSFER_YN, AMMOUNT) VALUES('1000-31',  '2021-04-17', 'Y', 382400  );
INSERT INTO TRANSACTION (ACCOUNT_NO, TRANS_DATE, TRANSFER_YN, AMMOUNT) VALUES('1000-32',  '2021-02-07', 'N', 187200  );
INSERT INTO TRANSACTION (ACCOUNT_NO, TRANS_DATE, TRANSFER_YN, AMMOUNT) VALUES('1000-33',  '2020-10-17', 'Y', 620500  );
INSERT INTO TRANSACTION (ACCOUNT_NO, TRANS_DATE, TRANSFER_YN, AMMOUNT) VALUES('1000-34',  '2020-01-31', 'Y', 478100  );
INSERT INTO TRANSACTION (ACCOUNT_NO, TRANS_DATE, TRANSFER_YN, AMMOUNT) VALUES('1000-35',  '2019-04-21', 'Y', 936400  );
INSERT INTO TRANSACTION (ACCOUNT_NO, TRANS_DATE, TRANSFER_YN, AMMOUNT) VALUES('1000-36',  '2019-12-13', 'N', 54900   );
INSERT INTO TRANSACTION (ACCOUNT_NO, TRANS_DATE, TRANSFER_YN, AMMOUNT) VALUES('1000-37',  '2021-05-12', 'Y', 613900  );
INSERT INTO TRANSACTION (ACCOUNT_NO, TRANS_DATE, TRANSFER_YN, AMMOUNT) VALUES('1000-38',  '2020-11-27', 'Y', 463600  );
INSERT INTO TRANSACTION (ACCOUNT_NO, TRANS_DATE, TRANSFER_YN, AMMOUNT) VALUES('1000-39',  '2019-07-08', 'Y', 433000  );
INSERT INTO TRANSACTION (ACCOUNT_NO, TRANS_DATE, TRANSFER_YN, AMMOUNT) VALUES('1000-40',  '2020-11-11', 'N', 21300   );
INSERT INTO TRANSACTION (ACCOUNT_NO, TRANS_DATE, TRANSFER_YN, AMMOUNT) VALUES('1000-41',  '2019-12-13', 'Y', 765900  );
INSERT INTO TRANSACTION (ACCOUNT_NO, TRANS_DATE, TRANSFER_YN, AMMOUNT) VALUES('1000-42',  '2020-04-19', 'Y', 650800  );
INSERT INTO TRANSACTION (ACCOUNT_NO, TRANS_DATE, TRANSFER_YN, AMMOUNT) VALUES('1000-43',  '2020-05-03', 'Y', 480600  );
INSERT INTO TRANSACTION (ACCOUNT_NO, TRANS_DATE, TRANSFER_YN, AMMOUNT) VALUES('1000-44',  '2020-11-02', 'Y', 289600  );
INSERT INTO TRANSACTION (ACCOUNT_NO, TRANS_DATE, TRANSFER_YN, AMMOUNT) VALUES('1000-45',  '2020-03-14', 'N', 245600  );
INSERT INTO TRANSACTION (ACCOUNT_NO, TRANS_DATE, TRANSFER_YN, AMMOUNT) VALUES('1000-46',  '2019-04-29', 'Y', 662000  );
INSERT INTO TRANSACTION (ACCOUNT_NO, TRANS_DATE, TRANSFER_YN, AMMOUNT) VALUES('1000-47',  '2020-09-15', 'N', 491700  );
INSERT INTO TRANSACTION (ACCOUNT_NO, TRANS_DATE, TRANSFER_YN, AMMOUNT) VALUES('1000-48',  '2020-04-26', 'N', 281200  );
INSERT INTO TRANSACTION (ACCOUNT_NO, TRANS_DATE, TRANSFER_YN, AMMOUNT) VALUES('1000-49',  '2021-08-13', 'N', 206200  );
INSERT INTO TRANSACTION (ACCOUNT_NO, TRANS_DATE, TRANSFER_YN, AMMOUNT) VALUES('1000-50',  '2020-06-10', 'N', 952900  );
INSERT INTO TRANSACTION (ACCOUNT_NO, TRANS_DATE, TRANSFER_YN, AMMOUNT) VALUES('1000-01',  '2021-07-28', 'N', 626000  );
INSERT INTO TRANSACTION (ACCOUNT_NO, TRANS_DATE, TRANSFER_YN, AMMOUNT) VALUES('1000-02',  '2019-09-04', 'Y', 310000  );
INSERT INTO TRANSACTION (ACCOUNT_NO, TRANS_DATE, TRANSFER_YN, AMMOUNT) VALUES('1000-03',  '2021-05-06', 'Y', 448600  );
INSERT INTO TRANSACTION (ACCOUNT_NO, TRANS_DATE, TRANSFER_YN, AMMOUNT) VALUES('1000-04',  '2019-07-19', 'Y', 565100  );
INSERT INTO TRANSACTION (ACCOUNT_NO, TRANS_DATE, TRANSFER_YN, AMMOUNT) VALUES('1000-05',  '2019-05-01', 'N', 847100  );
INSERT INTO TRANSACTION (ACCOUNT_NO, TRANS_DATE, TRANSFER_YN, AMMOUNT) VALUES('1000-06',  '2020-11-03', 'Y', 804000  );
INSERT INTO TRANSACTION (ACCOUNT_NO, TRANS_DATE, TRANSFER_YN, AMMOUNT) VALUES('1000-07',  '2019-02-15', 'Y', 554100  );
INSERT INTO TRANSACTION (ACCOUNT_NO, TRANS_DATE, TRANSFER_YN, AMMOUNT) VALUES('1000-08',  '2021-04-29', 'Y', 805500  );
INSERT INTO TRANSACTION (ACCOUNT_NO, TRANS_DATE, TRANSFER_YN, AMMOUNT) VALUES('1000-09',  '2019-01-10', 'Y', 931000  );
INSERT INTO TRANSACTION (ACCOUNT_NO, TRANS_DATE, TRANSFER_YN, AMMOUNT) VALUES('1000-10',  '2021-01-28', 'Y', 704600  );
INSERT INTO TRANSACTION (ACCOUNT_NO, TRANS_DATE, TRANSFER_YN, AMMOUNT) VALUES('1000-11',  '2019-12-25', 'Y', 669500  );
INSERT INTO TRANSACTION (ACCOUNT_NO, TRANS_DATE, TRANSFER_YN, AMMOUNT) VALUES('1000-12',  '2020-11-28', 'Y', 480000  );
INSERT INTO TRANSACTION (ACCOUNT_NO, TRANS_DATE, TRANSFER_YN, AMMOUNT) VALUES('1000-13',  '2019-07-22', 'N', 64000   );
INSERT INTO TRANSACTION (ACCOUNT_NO, TRANS_DATE, TRANSFER_YN, AMMOUNT) VALUES('1000-14',  '2020-09-15', 'Y', 554800  );
INSERT INTO TRANSACTION (ACCOUNT_NO, TRANS_DATE, TRANSFER_YN, AMMOUNT) VALUES('1000-15',  '2019-07-20', 'Y', 718100  );
INSERT INTO TRANSACTION (ACCOUNT_NO, TRANS_DATE, TRANSFER_YN, AMMOUNT) VALUES('1000-16',  '2021-04-06', 'Y', 604800  );
INSERT INTO TRANSACTION (ACCOUNT_NO, TRANS_DATE, TRANSFER_YN, AMMOUNT) VALUES('1000-17',  '2021-01-30', 'Y', 569700  );
INSERT INTO TRANSACTION (ACCOUNT_NO, TRANS_DATE, TRANSFER_YN, AMMOUNT) VALUES('1000-18',  '2019-01-30', 'Y', 481300  );
INSERT INTO TRANSACTION (ACCOUNT_NO, TRANS_DATE, TRANSFER_YN, AMMOUNT) VALUES('1000-19',  '2020-01-19', 'Y', 331000  );
INSERT INTO TRANSACTION (ACCOUNT_NO, TRANS_DATE, TRANSFER_YN, AMMOUNT) VALUES('1000-20',  '2021-07-23', 'Y', 911800  );
INSERT INTO TRANSACTION (ACCOUNT_NO, TRANS_DATE, TRANSFER_YN, AMMOUNT) VALUES('1000-21',  '2020-07-06', 'Y', 203900  );
INSERT INTO TRANSACTION (ACCOUNT_NO, TRANS_DATE, TRANSFER_YN, AMMOUNT) VALUES('1000-22',  '2020-07-19', 'Y', 784000  );
INSERT INTO TRANSACTION (ACCOUNT_NO, TRANS_DATE, TRANSFER_YN, AMMOUNT) VALUES('1000-23',  '2019-11-11', 'Y', 940700  );
INSERT INTO TRANSACTION (ACCOUNT_NO, TRANS_DATE, TRANSFER_YN, AMMOUNT) VALUES('1000-24',  '2021-02-06', 'N', 631500  );
INSERT INTO TRANSACTION (ACCOUNT_NO, TRANS_DATE, TRANSFER_YN, AMMOUNT) VALUES('1000-25',  '2021-02-24', 'Y', 518600  );
INSERT INTO TRANSACTION (ACCOUNT_NO, TRANS_DATE, TRANSFER_YN, AMMOUNT) VALUES('1000-26',  '2019-08-22', 'Y', 493100  );
INSERT INTO TRANSACTION (ACCOUNT_NO, TRANS_DATE, TRANSFER_YN, AMMOUNT) VALUES('1000-27',  '2020-01-15', 'Y', 710000  );
INSERT INTO TRANSACTION (ACCOUNT_NO, TRANS_DATE, TRANSFER_YN, AMMOUNT) VALUES('1000-28',  '2019-01-09', 'Y', 640600  );
INSERT INTO TRANSACTION (ACCOUNT_NO, TRANS_DATE, TRANSFER_YN, AMMOUNT) VALUES('1000-29',  '2019-10-07', 'N', 939300  );
INSERT INTO TRANSACTION (ACCOUNT_NO, TRANS_DATE, TRANSFER_YN, AMMOUNT) VALUES('1000-30',  '2020-12-29', 'N', 713700  );
INSERT INTO TRANSACTION (ACCOUNT_NO, TRANS_DATE, TRANSFER_YN, AMMOUNT) VALUES('1000-31',  '2021-08-21', 'Y', 968400  );
INSERT INTO TRANSACTION (ACCOUNT_NO, TRANS_DATE, TRANSFER_YN, AMMOUNT) VALUES('1000-32',  '2019-11-24', 'Y', 969800  );
INSERT INTO TRANSACTION (ACCOUNT_NO, TRANS_DATE, TRANSFER_YN, AMMOUNT) VALUES('1000-33',  '2019-05-14', 'Y', 408200  );
INSERT INTO TRANSACTION (ACCOUNT_NO, TRANS_DATE, TRANSFER_YN, AMMOUNT) VALUES('1000-34',  '2020-02-14', 'Y', 546300  );
INSERT INTO TRANSACTION (ACCOUNT_NO, TRANS_DATE, TRANSFER_YN, AMMOUNT) VALUES('1000-35',  '2020-09-28', 'Y', 254600  );
INSERT INTO TRANSACTION (ACCOUNT_NO, TRANS_DATE, TRANSFER_YN, AMMOUNT) VALUES('1000-36',  '2021-05-29', 'N', 704700  );
INSERT INTO TRANSACTION (ACCOUNT_NO, TRANS_DATE, TRANSFER_YN, AMMOUNT) VALUES('1000-37',  '2019-07-20', 'N', 651200  );
INSERT INTO TRANSACTION (ACCOUNT_NO, TRANS_DATE, TRANSFER_YN, AMMOUNT) VALUES('1000-38',  '2021-07-08', 'N', 635900  );
INSERT INTO TRANSACTION (ACCOUNT_NO, TRANS_DATE, TRANSFER_YN, AMMOUNT) VALUES('1000-39',  '2020-03-22', 'N', 229600  );
INSERT INTO TRANSACTION (ACCOUNT_NO, TRANS_DATE, TRANSFER_YN, AMMOUNT) VALUES('1000-40',  '2019-04-07', 'Y', 28400   );
INSERT INTO TRANSACTION (ACCOUNT_NO, TRANS_DATE, TRANSFER_YN, AMMOUNT) VALUES('1000-41',  '2021-02-17', 'Y', 183200  );
INSERT INTO TRANSACTION (ACCOUNT_NO, TRANS_DATE, TRANSFER_YN, AMMOUNT) VALUES('1000-42',  '2020-02-27', 'N', 872000  );
INSERT INTO TRANSACTION (ACCOUNT_NO, TRANS_DATE, TRANSFER_YN, AMMOUNT) VALUES('1000-43',  '2020-08-28', 'Y', 634900  );
INSERT INTO TRANSACTION (ACCOUNT_NO, TRANS_DATE, TRANSFER_YN, AMMOUNT) VALUES('1000-44',  '2020-07-11', 'Y', 739000  );
INSERT INTO TRANSACTION (ACCOUNT_NO, TRANS_DATE, TRANSFER_YN, AMMOUNT) VALUES('1000-45',  '2019-06-29', 'Y', 753000  );
INSERT INTO TRANSACTION (ACCOUNT_NO, TRANS_DATE, TRANSFER_YN, AMMOUNT) VALUES('1000-46',  '2020-02-08', 'Y', 360800  );
INSERT INTO TRANSACTION (ACCOUNT_NO, TRANS_DATE, TRANSFER_YN, AMMOUNT) VALUES('1000-47',  '2021-02-12', 'Y', 488000  );
INSERT INTO TRANSACTION (ACCOUNT_NO, TRANS_DATE, TRANSFER_YN, AMMOUNT) VALUES('1000-48',  '2020-10-01', 'Y', 561600  );
INSERT INTO TRANSACTION (ACCOUNT_NO, TRANS_DATE, TRANSFER_YN, AMMOUNT) VALUES('1000-49',  '2019-08-21', 'N', 765400  );
INSERT INTO TRANSACTION (ACCOUNT_NO, TRANS_DATE, TRANSFER_YN, AMMOUNT) VALUES('1000-50',  '2019-11-18', 'Y', 817400  );
INSERT INTO TRANSACTION (ACCOUNT_NO, TRANS_DATE, TRANSFER_YN, AMMOUNT) VALUES('1000-01',  '2020-10-17', 'N', 639000  );
INSERT INTO TRANSACTION (ACCOUNT_NO, TRANS_DATE, TRANSFER_YN, AMMOUNT) VALUES('1000-02',  '2021-05-03', 'N', 82500   );
INSERT INTO TRANSACTION (ACCOUNT_NO, TRANS_DATE, TRANSFER_YN, AMMOUNT) VALUES('1000-03',  '2021-08-02', 'Y', 66700   );
INSERT INTO TRANSACTION (ACCOUNT_NO, TRANS_DATE, TRANSFER_YN, AMMOUNT) VALUES('1000-04',  '2019-05-02', 'N', 317300  );
INSERT INTO TRANSACTION (ACCOUNT_NO, TRANS_DATE, TRANSFER_YN, AMMOUNT) VALUES('1000-05',  '2019-05-22', 'Y', 635100  );
INSERT INTO TRANSACTION (ACCOUNT_NO, TRANS_DATE, TRANSFER_YN, AMMOUNT) VALUES('1000-06',  '2021-04-05', 'Y', 938500  );
INSERT INTO TRANSACTION (ACCOUNT_NO, TRANS_DATE, TRANSFER_YN, AMMOUNT) VALUES('1000-07',  '2019-02-26', 'N', 348500  );
INSERT INTO TRANSACTION (ACCOUNT_NO, TRANS_DATE, TRANSFER_YN, AMMOUNT) VALUES('1000-08',  '2021-03-26', 'Y', 449300  );
INSERT INTO TRANSACTION (ACCOUNT_NO, TRANS_DATE, TRANSFER_YN, AMMOUNT) VALUES('1000-09',  '2021-01-25', 'N', 348400  );
INSERT INTO TRANSACTION (ACCOUNT_NO, TRANS_DATE, TRANSFER_YN, AMMOUNT) VALUES('1000-10',  '2019-01-05', 'Y', 923400  );
INSERT INTO TRANSACTION (ACCOUNT_NO, TRANS_DATE, TRANSFER_YN, AMMOUNT) VALUES('1000-11',  '2020-02-21', 'N', 451700  );
INSERT INTO TRANSACTION (ACCOUNT_NO, TRANS_DATE, TRANSFER_YN, AMMOUNT) VALUES('1000-12',  '2020-06-28', 'Y', 424900  );
INSERT INTO TRANSACTION (ACCOUNT_NO, TRANS_DATE, TRANSFER_YN, AMMOUNT) VALUES('1000-13',  '2019-04-27', 'Y', 70300   );
INSERT INTO TRANSACTION (ACCOUNT_NO, TRANS_DATE, TRANSFER_YN, AMMOUNT) VALUES('1000-14',  '2021-01-16', 'N', 972900  );
INSERT INTO TRANSACTION (ACCOUNT_NO, TRANS_DATE, TRANSFER_YN, AMMOUNT) VALUES('1000-15',  '2021-01-10', 'Y', 239400  );
INSERT INTO TRANSACTION (ACCOUNT_NO, TRANS_DATE, TRANSFER_YN, AMMOUNT) VALUES('1000-16',  '2020-04-24', 'Y', 62200   );
INSERT INTO TRANSACTION (ACCOUNT_NO, TRANS_DATE, TRANSFER_YN, AMMOUNT) VALUES('1000-17',  '2019-06-05', 'Y', 506100  );
INSERT INTO TRANSACTION (ACCOUNT_NO, TRANS_DATE, TRANSFER_YN, AMMOUNT) VALUES('1000-18',  '2021-08-06', 'N', 277300  );
INSERT INTO TRANSACTION (ACCOUNT_NO, TRANS_DATE, TRANSFER_YN, AMMOUNT) VALUES('1000-19',  '2020-06-03', 'Y', 765100  );
INSERT INTO TRANSACTION (ACCOUNT_NO, TRANS_DATE, TRANSFER_YN, AMMOUNT) VALUES('1000-20',  '2020-09-07', 'N', 936100  );
INSERT INTO TRANSACTION (ACCOUNT_NO, TRANS_DATE, TRANSFER_YN, AMMOUNT) VALUES('1000-21',  '2021-01-20', 'N', 957500  );
INSERT INTO TRANSACTION (ACCOUNT_NO, TRANS_DATE, TRANSFER_YN, AMMOUNT) VALUES('1000-22',  '2020-10-28', 'N', 723000  );
INSERT INTO TRANSACTION (ACCOUNT_NO, TRANS_DATE, TRANSFER_YN, AMMOUNT) VALUES('1000-23',  '2020-02-14', 'Y', 659500  );
INSERT INTO TRANSACTION (ACCOUNT_NO, TRANS_DATE, TRANSFER_YN, AMMOUNT) VALUES('1000-24',  '2021-06-28', 'N', 984200  );
INSERT INTO TRANSACTION (ACCOUNT_NO, TRANS_DATE, TRANSFER_YN, AMMOUNT) VALUES('1000-25',  '2020-04-02', 'N', 605000  );
INSERT INTO TRANSACTION (ACCOUNT_NO, TRANS_DATE, TRANSFER_YN, AMMOUNT) VALUES('1000-26',  '2020-08-07', 'Y', 515700  );
INSERT INTO TRANSACTION (ACCOUNT_NO, TRANS_DATE, TRANSFER_YN, AMMOUNT) VALUES('1000-27',  '2019-12-04', 'Y', 97700   );
INSERT INTO TRANSACTION (ACCOUNT_NO, TRANS_DATE, TRANSFER_YN, AMMOUNT) VALUES('1000-28',  '2019-02-08', 'Y', 742100  );
INSERT INTO TRANSACTION (ACCOUNT_NO, TRANS_DATE, TRANSFER_YN, AMMOUNT) VALUES('1000-29',  '2020-06-30', 'N', 824800  );
INSERT INTO TRANSACTION (ACCOUNT_NO, TRANS_DATE, TRANSFER_YN, AMMOUNT) VALUES('1000-30',  '2020-11-21', 'N', 958300  );
INSERT INTO TRANSACTION (ACCOUNT_NO, TRANS_DATE, TRANSFER_YN, AMMOUNT) VALUES('1000-31',  '2020-05-19', 'N', 287500  );
INSERT INTO TRANSACTION (ACCOUNT_NO, TRANS_DATE, TRANSFER_YN, AMMOUNT) VALUES('1000-32',  '2019-08-05', 'N', 410000  );
INSERT INTO TRANSACTION (ACCOUNT_NO, TRANS_DATE, TRANSFER_YN, AMMOUNT) VALUES('1000-33',  '2021-02-20', 'Y', 374100  );
INSERT INTO TRANSACTION (ACCOUNT_NO, TRANS_DATE, TRANSFER_YN, AMMOUNT) VALUES('1000-34',  '2020-02-19', 'Y', 580200  );
INSERT INTO TRANSACTION (ACCOUNT_NO, TRANS_DATE, TRANSFER_YN, AMMOUNT) VALUES('1000-35',  '2020-06-10', 'Y', 305000  );
INSERT INTO TRANSACTION (ACCOUNT_NO, TRANS_DATE, TRANSFER_YN, AMMOUNT) VALUES('1000-36',  '2021-05-25', 'Y', 124800  );
INSERT INTO TRANSACTION (ACCOUNT_NO, TRANS_DATE, TRANSFER_YN, AMMOUNT) VALUES('1000-37',  '2021-06-04', 'N', 65500   );
INSERT INTO TRANSACTION (ACCOUNT_NO, TRANS_DATE, TRANSFER_YN, AMMOUNT) VALUES('1000-38',  '2020-03-06', 'Y', 968500  );
INSERT INTO TRANSACTION (ACCOUNT_NO, TRANS_DATE, TRANSFER_YN, AMMOUNT) VALUES('1000-39',  '2020-10-22', 'N', 520800  );
INSERT INTO TRANSACTION (ACCOUNT_NO, TRANS_DATE, TRANSFER_YN, AMMOUNT) VALUES('1000-40',  '2019-08-26', 'N', 305400  );
INSERT INTO TRANSACTION (ACCOUNT_NO, TRANS_DATE, TRANSFER_YN, AMMOUNT) VALUES('1000-41',  '2020-03-06', 'Y', 428500  );
INSERT INTO TRANSACTION (ACCOUNT_NO, TRANS_DATE, TRANSFER_YN, AMMOUNT) VALUES('1000-42',  '2021-02-01', 'Y', 991100  );
INSERT INTO TRANSACTION (ACCOUNT_NO, TRANS_DATE, TRANSFER_YN, AMMOUNT) VALUES('1000-43',  '2021-06-16', 'Y', 765500  );
INSERT INTO TRANSACTION (ACCOUNT_NO, TRANS_DATE, TRANSFER_YN, AMMOUNT) VALUES('1000-44',  '2020-10-04', 'N', 960600  );
INSERT INTO TRANSACTION (ACCOUNT_NO, TRANS_DATE, TRANSFER_YN, AMMOUNT) VALUES('1000-45',  '2020-11-14', 'Y', 93500   );
INSERT INTO TRANSACTION (ACCOUNT_NO, TRANS_DATE, TRANSFER_YN, AMMOUNT) VALUES('1000-46',  '2019-05-22', 'N', 674000  );
INSERT INTO TRANSACTION (ACCOUNT_NO, TRANS_DATE, TRANSFER_YN, AMMOUNT) VALUES('1000-47',  '2019-02-14', 'Y', 386800  );
INSERT INTO TRANSACTION (ACCOUNT_NO, TRANS_DATE, TRANSFER_YN, AMMOUNT) VALUES('1000-48',  '2020-12-29', 'Y', 681800  );
INSERT INTO TRANSACTION (ACCOUNT_NO, TRANS_DATE, TRANSFER_YN, AMMOUNT) VALUES('1000-49',  '2019-09-19', 'Y', 223300  );
INSERT INTO TRANSACTION (ACCOUNT_NO, TRANS_DATE, TRANSFER_YN, AMMOUNT) VALUES('1000-50',  '2019-07-12', 'N', 836000  );
INSERT INTO TRANSACTION (ACCOUNT_NO, TRANS_DATE, TRANSFER_YN, AMMOUNT) VALUES('1000-01',  '2021-03-19', 'N', 142400  );
INSERT INTO TRANSACTION (ACCOUNT_NO, TRANS_DATE, TRANSFER_YN, AMMOUNT) VALUES('1000-02',  '2019-12-02', 'Y', 788100  );
INSERT INTO TRANSACTION (ACCOUNT_NO, TRANS_DATE, TRANSFER_YN, AMMOUNT) VALUES('1000-03',  '2019-04-14', 'N', 603000  );
INSERT INTO TRANSACTION (ACCOUNT_NO, TRANS_DATE, TRANSFER_YN, AMMOUNT) VALUES('1000-04',  '2021-09-02', 'N', 67300   );
INSERT INTO TRANSACTION (ACCOUNT_NO, TRANS_DATE, TRANSFER_YN, AMMOUNT) VALUES('1000-05',  '2020-06-30', 'Y', 596200  );
INSERT INTO TRANSACTION (ACCOUNT_NO, TRANS_DATE, TRANSFER_YN, AMMOUNT) VALUES('1000-06',  '2020-09-12', 'Y', 35600   );
INSERT INTO TRANSACTION (ACCOUNT_NO, TRANS_DATE, TRANSFER_YN, AMMOUNT) VALUES('1000-07',  '2020-01-22', 'Y', 76100   );
INSERT INTO TRANSACTION (ACCOUNT_NO, TRANS_DATE, TRANSFER_YN, AMMOUNT) VALUES('1000-08',  '2020-10-06', 'Y', 475900  );
INSERT INTO TRANSACTION (ACCOUNT_NO, TRANS_DATE, TRANSFER_YN, AMMOUNT) VALUES('1000-09',  '2020-04-05', 'N', 886600  );
INSERT INTO TRANSACTION (ACCOUNT_NO, TRANS_DATE, TRANSFER_YN, AMMOUNT) VALUES('1000-10',  '2021-04-18', 'N', 267800  );
INSERT INTO TRANSACTION (ACCOUNT_NO, TRANS_DATE, TRANSFER_YN, AMMOUNT) VALUES('1000-11',  '2019-01-13', 'Y', 533800  );
INSERT INTO TRANSACTION (ACCOUNT_NO, TRANS_DATE, TRANSFER_YN, AMMOUNT) VALUES('1000-12',  '2021-09-07', 'Y', 76200   );
INSERT INTO TRANSACTION (ACCOUNT_NO, TRANS_DATE, TRANSFER_YN, AMMOUNT) VALUES('1000-13',  '2020-03-04', 'Y', 966900  );
INSERT INTO TRANSACTION (ACCOUNT_NO, TRANS_DATE, TRANSFER_YN, AMMOUNT) VALUES('1000-14',  '2019-09-23', 'N', 459600  );
INSERT INTO TRANSACTION (ACCOUNT_NO, TRANS_DATE, TRANSFER_YN, AMMOUNT) VALUES('1000-15',  '2020-10-30', 'Y', 292000  );
INSERT INTO TRANSACTION (ACCOUNT_NO, TRANS_DATE, TRANSFER_YN, AMMOUNT) VALUES('1000-16',  '2019-06-04', 'Y', 700200  );
INSERT INTO TRANSACTION (ACCOUNT_NO, TRANS_DATE, TRANSFER_YN, AMMOUNT) VALUES('1000-17',  '2019-04-08', 'Y', 225300  );
INSERT INTO TRANSACTION (ACCOUNT_NO, TRANS_DATE, TRANSFER_YN, AMMOUNT) VALUES('1000-18',  '2019-07-17', 'N', 432300  );
INSERT INTO TRANSACTION (ACCOUNT_NO, TRANS_DATE, TRANSFER_YN, AMMOUNT) VALUES('1000-19',  '2019-02-24', 'Y', 953600  );
INSERT INTO TRANSACTION (ACCOUNT_NO, TRANS_DATE, TRANSFER_YN, AMMOUNT) VALUES('1000-20',  '2020-03-08', 'Y', 828100  );
INSERT INTO TRANSACTION (ACCOUNT_NO, TRANS_DATE, TRANSFER_YN, AMMOUNT) VALUES('1000-21',  '2019-06-14', 'Y', 719900  );
INSERT INTO TRANSACTION (ACCOUNT_NO, TRANS_DATE, TRANSFER_YN, AMMOUNT) VALUES('1000-22',  '2019-04-05', 'Y', 202100  );
INSERT INTO TRANSACTION (ACCOUNT_NO, TRANS_DATE, TRANSFER_YN, AMMOUNT) VALUES('1000-23',  '2020-08-25', 'N', 204200  );
INSERT INTO TRANSACTION (ACCOUNT_NO, TRANS_DATE, TRANSFER_YN, AMMOUNT) VALUES('1000-24',  '2020-01-16', 'Y', 131100  );
INSERT INTO TRANSACTION (ACCOUNT_NO, TRANS_DATE, TRANSFER_YN, AMMOUNT) VALUES('1000-25',  '2021-03-09', 'Y', 987900  );
INSERT INTO TRANSACTION (ACCOUNT_NO, TRANS_DATE, TRANSFER_YN, AMMOUNT) VALUES('1000-26',  '2019-04-14', 'N', 135500  );
INSERT INTO TRANSACTION (ACCOUNT_NO, TRANS_DATE, TRANSFER_YN, AMMOUNT) VALUES('1000-27',  '2021-01-02', 'Y', 92200   );
INSERT INTO TRANSACTION (ACCOUNT_NO, TRANS_DATE, TRANSFER_YN, AMMOUNT) VALUES('1000-28',  '2019-06-06', 'Y', 794600  );
INSERT INTO TRANSACTION (ACCOUNT_NO, TRANS_DATE, TRANSFER_YN, AMMOUNT) VALUES('1000-29',  '2020-08-24', 'Y', 319900  );
INSERT INTO TRANSACTION (ACCOUNT_NO, TRANS_DATE, TRANSFER_YN, AMMOUNT) VALUES('1000-30',  '2020-08-08', 'Y', 260900  );
INSERT INTO TRANSACTION (ACCOUNT_NO, TRANS_DATE, TRANSFER_YN, AMMOUNT) VALUES('1000-31',  '2020-06-14', 'Y', 481200  );
INSERT INTO TRANSACTION (ACCOUNT_NO, TRANS_DATE, TRANSFER_YN, AMMOUNT) VALUES('1000-32',  '2020-06-02', 'Y', 671900  );
INSERT INTO TRANSACTION (ACCOUNT_NO, TRANS_DATE, TRANSFER_YN, AMMOUNT) VALUES('1000-33',  '2020-01-25', 'Y', 304600  );
INSERT INTO TRANSACTION (ACCOUNT_NO, TRANS_DATE, TRANSFER_YN, AMMOUNT) VALUES('1000-34',  '2019-11-13', 'Y', 859700  );
INSERT INTO TRANSACTION (ACCOUNT_NO, TRANS_DATE, TRANSFER_YN, AMMOUNT) VALUES('1000-35',  '2019-08-30', 'Y', 608700  );
INSERT INTO TRANSACTION (ACCOUNT_NO, TRANS_DATE, TRANSFER_YN, AMMOUNT) VALUES('1000-36',  '2020-07-22', 'Y', 29300   );
INSERT INTO TRANSACTION (ACCOUNT_NO, TRANS_DATE, TRANSFER_YN, AMMOUNT) VALUES('1000-37',  '2020-11-16', 'Y', 824300  );
INSERT INTO TRANSACTION (ACCOUNT_NO, TRANS_DATE, TRANSFER_YN, AMMOUNT) VALUES('1000-38',  '2019-12-22', 'Y', 185400  );
INSERT INTO TRANSACTION (ACCOUNT_NO, TRANS_DATE, TRANSFER_YN, AMMOUNT) VALUES('1000-39',  '2021-04-03', 'Y', 240800  );
INSERT INTO TRANSACTION (ACCOUNT_NO, TRANS_DATE, TRANSFER_YN, AMMOUNT) VALUES('1000-40',  '2021-06-19', 'Y', 188600  );
INSERT INTO TRANSACTION (ACCOUNT_NO, TRANS_DATE, TRANSFER_YN, AMMOUNT) VALUES('1000-41',  '2019-09-28', 'Y', 700500  );
INSERT INTO TRANSACTION (ACCOUNT_NO, TRANS_DATE, TRANSFER_YN, AMMOUNT) VALUES('1000-42',  '2020-09-18', 'Y', 569500  );
INSERT INTO TRANSACTION (ACCOUNT_NO, TRANS_DATE, TRANSFER_YN, AMMOUNT) VALUES('1000-43',  '2021-05-28', 'N', 998800  );
INSERT INTO TRANSACTION (ACCOUNT_NO, TRANS_DATE, TRANSFER_YN, AMMOUNT) VALUES('1000-44',  '2019-11-02', 'Y', 112100  );
INSERT INTO TRANSACTION (ACCOUNT_NO, TRANS_DATE, TRANSFER_YN, AMMOUNT) VALUES('1000-45',  '2021-05-21', 'N', 874400  );
INSERT INTO TRANSACTION (ACCOUNT_NO, TRANS_DATE, TRANSFER_YN, AMMOUNT) VALUES('1000-46',  '2019-12-17', 'Y', 438800  );
INSERT INTO TRANSACTION (ACCOUNT_NO, TRANS_DATE, TRANSFER_YN, AMMOUNT) VALUES('1000-47',  '2021-02-02', 'N', 700000  );
INSERT INTO TRANSACTION (ACCOUNT_NO, TRANS_DATE, TRANSFER_YN, AMMOUNT) VALUES('1000-48',  '2021-04-14', 'Y', 910300  );
INSERT INTO TRANSACTION (ACCOUNT_NO, TRANS_DATE, TRANSFER_YN, AMMOUNT) VALUES('1000-49',  '2020-08-21', 'Y', 69400   );
INSERT INTO TRANSACTION (ACCOUNT_NO, TRANS_DATE, TRANSFER_YN, AMMOUNT) VALUES('1000-50',  '2019-12-16', 'N', 448000  );
